"file","sha256","bytes"
"outputs/diagnostics/design_c/c2x_phenology/c2x_s1_feature_dictionary.csv","c24e9c101aa051d885708d4c65231bac3016a4275185440801a361588fb5945e","9610"
"outputs/diagnostics/design_c/c2x_phenology/c2x_s1_phenology_audit_qa.json","f222bc3639de22fb4e3d33c5691427b639335a95f0d982544d87fbf4b3368d40","966"
"outputs/diagnostics/design_c/c2x_phenology/c2x_s1_phenology_audit_summary.txt","5035adaaf428b84c8909a65a0bc1ac0c4013c0838b177c5bf628e31161d1cad1","671"
"outputs/diagnostics/design_c/c2x_phenology/c2x_s1_phenology_coverage_by_track_year.csv","8b21e7bb12d6fd5ab4a570ab9a9515f165e71bb5e29b864ecd9ad7af678d3f2b","3111"
"outputs/diagnostics/design_c/c2x_phenology/c2x_s1_phenology_feature_audit.csv","dedd0f3d5b6ce6637f31ab1219cf489c50ac0100a2d9f54c5a1f7b9a9f3e5d21","30"
"outputs/diagnostics/design_c/c2x_phenology/c2x_s1_phenology_qa.json","0d6fb4b25807677dc5e9a4dfed89b1266a822d37f1d006bba31783287de555d5","2995"
"outputs/diagnostics/design_c/c2x_phenology/c2x_s1_phenology_recompute_checks.csv","f88ee3f10dcb16fd459578dcdf4fafc5f423547861916476430cea0f31a30cf4","16387"
"outputs/diagnostics/design_c/c2x_phenology/c2x_s1_phenology_summary.txt","46c8af6273efd45092d0d4c4a566286fd0884f8b6695bac33276b0dff36fba71","1352"
"outputs/diagnostics/design_c/c2x_phenology/c2x_s1_track_year_phenology_features.csv.gz","348a254ac7b2ec007d0997afa96591a6c3585231f186dae105c76e7a6327c400","61313795"
"outputs/diagnostics/design_c/c2x_phenology/c2x_s1_track_year_sampling_qa.csv","67e600606167146390ec743064138d3f0d5f24396ef9879c3f698c9f64890fec","6063"
