station,year,utm_e,utm_n,gw_aug_m,gw_aug_obs_n,gw_aug_mean_m_descriptive,gw_aug_first_date,gw_aug_last_date,gw_pre_last_janfeb_m,gw_pre_last_janfeb_date,gw_janfeb_obs_n,s1_flooding_like_5km,s1_support_points_5km_n,s1_valid_support_points_5km_n,s1_flooding_like_10km,s1_support_points_10km_n,s1_valid_support_points_10km_n,s1_flooding_like_20km,s1_support_points_20km_n,s1_valid_support_points_20km_n,s1_flooding_like_complete4_10km,s1_complete4_support_points_10km_n,s1_complete4_valid_support_points_10km_n,primary_complete
PO018003NR0009,2016,477798.0,5014771.0,0.7,1,0.7,2016-08-16,2016-08-16,2.18,2016-02-15,2,0.09799688680338095,74,74,0.20625548733178295,340,340,0.1860190807502495,1209,1209,0.19048824936986258,340,240,True
PO018003NR0009,2017,477798.0,5014771.0,1.15,1,1.15,2017-08-31,2017-08-31,2.18,2017-02-28,2,0.2745391192190044,74,74,0.3370258648997787,340,340,0.3410440654520749,1209,1209,0.35569070594922886,340,240,True
PO018003NR0009,2018,477798.0,5014771.0,0.62,1,0.62,2018-08-31,2018-08-31,2.1,2018-02-28,2,-0.041063909241239455,74,74,0.06499840306667175,340,340,0.0087608083312357,1209,1209,-0.0100978662512825,340,235,True
PO018003NR0009,2019,477798.0,5014771.0,0.35,1,0.35,2019-08-31,2019-08-31,2.2,2019-02-28,2,-0.09720446328084509,74,74,0.0139666433616062,340,340,-0.0104387104754326,1209,1209,0.03021198081155315,340,244,True
PO018003NR0009,2020,477798.0,5014771.0,0.55,1,0.55,2020-08-31,2020-08-31,2.03,2020-02-29,2,-0.10349541796010925,74,74,0.14474594585926298,340,340,0.113841820365378,1209,1209,0.1692522326231608,340,248,True
PO018003NR0009,2021,477798.0,5014771.0,0.92,1,0.92,2021-08-31,2021-08-31,2.28,2021-02-28,2,0.4027741336934429,74,74,0.5707404940961289,340,340,0.4823354538052192,1209,1209,0.6004655937592653,340,243,True
PO018003NR0009,2022,477798.0,5014771.0,0.86,1,0.86,2022-08-31,2022-08-31,2.58,2022-02-28,2,0.6574739166381136,74,74,0.728706046674471,340,340,0.5885254022595859,1209,1209,0.7115860859699776,340,238,True
PO018003NR0009,2023,477798.0,5014771.0,0.53,1,0.53,2023-08-31,2023-08-31,2.09,2023-02-28,2,-0.025231286675775948,74,74,0.0904906035429528,340,340,0.0956362166619664,1209,1209,0.1186865588714468,340,238,True
PO0180130U0005,2016,523764.0,5000838.0,10.7,1,10.7,2016-08-24,2016-08-24,12.2,2016-02-25,2,0.1168116575412354,64,64,-0.0286102531555436,217,217,-0.0630164208527516,622,622,,217,0,True
PO0180130U0005,2017,523764.0,5000838.0,10.3,1,10.3,2017-08-28,2017-08-28,11.95,2017-02-21,2,0.1087965202711092,64,64,0.1554199490269129,217,217,0.18115031133355547,622,622,,217,0,True
PO0180130U0005,2018,523764.0,5000838.0,10.34,1,10.34,2018-08-27,2018-08-27,11.9,2018-02-26,2,-0.38244477922404363,64,64,-0.3874699305764248,217,217,-0.3336203398620394,622,622,,217,0,True
PO018014NRP001,2016,501192.230333,5013351.97267,12.13,1,12.13,2016-08-17,2016-08-17,13.94,2016-02-24,1,-0.2133280396412482,49,49,-0.1495766044011141,251,251,-0.01459400357153375,1076,1076,-0.1495766044011141,251,251,True
PO018014NRP001,2017,501192.230333,5013351.97267,12.28,1,12.28,2017-08-01,2017-08-01,13.56,2017-02-07,2,0.1568594424941459,49,49,0.0895627779996706,251,251,0.22237665853708338,1076,1076,0.0895627779996706,251,251,True
PO018014NRP001,2018,501192.230333,5013351.97267,12.35,1,12.35,2018-08-10,2018-08-10,13.5,2018-02-06,2,-0.169832689235479,49,49,-0.2831034832338085,251,251,-0.17589953702669076,1076,1076,-0.2831034832338085,251,251,True
PO018014NRP001,2019,501192.230333,5013351.97267,12.35,1,12.35,2019-08-01,2019-08-01,13.53,2019-02-11,2,-0.1392283425135456,49,49,-0.2815674367870642,251,251,-0.1825399251140335,1076,1076,-0.2815674367870642,251,251,True
PO018014NRP001,2020,501192.230333,5013351.97267,11.79,1,11.79,2020-08-28,2020-08-28,12.84,2020-02-04,2,-0.0446260771568465,49,49,-0.1257858897577671,251,251,-0.08084063930804106,1076,1076,-0.1089157440715389,251,237,True
PO018014NRP001,2021,501192.230333,5013351.97267,11.64,1,11.64,2021-08-27,2021-08-27,13.01,2021-02-09,1,0.1672640406856755,49,49,0.2413379992167085,251,251,0.3055342255435113,1076,1076,0.22247065793275295,251,238,True
PO018032NR0001,2017,508567.0,4988324.0,12.62,1,12.62,2017-08-17,2017-08-17,11.76,2017-02-23,2,,0,0,0.3109509300228613,37,37,0.327576022839917,335,335,0.3109509300228613,37,37,True
PO018032NR0001,2018,508567.0,4988324.0,12.7,1,12.7,2018-08-23,2018-08-23,12.64,2018-02-20,2,,0,0,-0.0484493333598471,37,37,-0.1810718096450469,335,335,-0.0484493333598471,37,37,True
PO018032NR0001,2019,508567.0,4988324.0,13.09,1,13.09,2019-08-28,2019-08-28,12.77,2019-02-19,2,,0,0,-0.1605060757282681,37,37,-0.1700237386620179,335,335,-0.1605060757282681,37,37,True
PO0180350U0002,2016,485404.0,5022621.0,5.85,1,5.85,2016-08-16,2016-08-16,7.73,2016-02-16,1,1.0039739631457052,65,65,0.3884240505102537,231,231,0.1011701683354372,973,973,0.38885781705620365,231,228,True
PO0180350U0002,2018,485404.0,5022621.0,4.2,1,4.2,2018-08-22,2018-08-22,7.25,2018-02-16,1,0.7499111908680928,65,65,0.1650943068246625,231,231,-0.0165904789566901,973,973,0.16152329159912243,231,228,True
PO0180350U0002,2019,485404.0,5022621.0,4.0,1,4.0,2019-08-23,2019-08-23,8.2,2019-02-28,1,0.3825353191318296,65,65,0.0418786826177104,231,231,-0.0470704255362439,973,973,0.04229059114784635,231,228,True
PO018039NR0001,2019,476494.0,5010571.0,1.39,1,1.39,2019-08-27,2019-08-27,3.07,2019-02-19,2,-0.02878310578021865,82,82,-0.01139515168798305,342,342,-0.0167793075886853,1255,1255,-0.00797557970094955,342,228,True
PO018039NR0001,2020,476494.0,5010571.0,1.47,1,1.47,2020-08-26,2020-08-26,2.57,2020-01-28,1,0.02225749572737665,82,82,0.09844539385392395,342,342,0.1082057508022018,1255,1255,0.12224031792359775,342,230,True
PO018039NR0001,2021,476494.0,5010571.0,1.35,1,1.35,2021-08-25,2021-08-25,2.4,2021-01-26,1,0.5681489119660736,82,82,0.5399841061494857,342,342,0.4620077825845288,1255,1255,0.5750262227660154,342,226,True
PO018039NR0001,2022,476494.0,5010571.0,1.8,1,1.8,2022-08-30,2022-08-30,3.1,2022-02-21,1,0.7196860310619451,82,82,0.6899043727130407,342,342,0.5897553370710709,1255,1255,0.6965530198921591,342,226,True
PO018039NR0001,2024,476494.0,5010571.0,1.52,1,1.52,2024-08-28,2024-08-28,2.6,2024-02-27,1,-0.19162946056527047,82,82,-0.12730428034270524,342,342,-0.135946414783075,1255,1255,-0.0848810702658466,342,231,True
PO018039NR0001,2025,476494.0,5010571.0,1.37,1,1.37,2025-08-21,2025-08-21,2.79,2025-02-18,1,0.16165980681163,82,82,0.2343079907904414,342,342,0.2312891666830248,1255,1255,0.26947300896720455,342,232,True
PO018039NRP001,2016,474622.390667,5007946.94967,2.41,1,2.41,2016-08-30,2016-08-30,5.54,2016-02-23,1,0.0836127717442769,89,89,0.18371919679823995,342,342,0.1707518846354692,1300,1300,0.18697480195294341,342,200,True
PO018039NRP001,2017,474622.390667,5007946.94967,1.9,1,1.9,2017-08-29,2017-08-29,5.2,2017-02-22,2,0.3732800454733854,89,89,0.35981643102647143,342,342,0.3355275318789521,1300,1300,0.4157332936800579,342,197,True
PO018039NRP001,2018,474622.390667,5007946.94967,2.6,1,2.6,2018-08-22,2018-08-22,5.26,2018-02-22,2,-0.0884425676183277,89,89,-0.0246518100918273,342,342,-0.027130322735492998,1300,1300,-0.0383656588442878,342,193,True
PO018043NUP001,2017,518426.612333,5011543.40033,2.05,1,2.05,2017-08-22,2017-08-22,2.3,2017-02-28,2,0.20333145335491404,82,82,0.2166503134865068,325,325,0.1424914197274787,862,862,0.2739699394172228,325,39,True
PO018043NUP001,2018,518426.612333,5011543.40033,1.98,1,1.98,2018-08-30,2018-08-30,2.2,2018-02-26,2,-0.38466985308916846,82,82,-0.2724545614634197,325,325,-0.3092458963921163,862,862,-0.19966173538799856,325,36,True
PO018043NUP001,2019,518426.612333,5011543.40033,2.06,1,2.06,2019-08-30,2019-08-30,2.3,2019-02-28,2,-0.24776663459662057,82,82,-0.290461114903153,325,325,-0.2910372053443603,862,862,-0.0162528484038633,325,36,True
PO018043NUP001,2022,518426.612333,5011543.40033,2.1,1,2.1,2022-08-30,2022-08-30,2.3,2022-02-28,2,0.3735301643567609,82,82,0.3410851676800284,325,325,0.28718264692908,862,862,0.4582674555970307,325,14,True
PO018043NUP001,2023,518426.612333,5011543.40033,2.1,1,2.1,2023-08-29,2023-08-29,2.3,2023-02-28,1,0.10848754724309265,82,82,0.1408115899245257,325,325,0.09793479314243544,862,862,0.2566899402152126,325,14,True
PO018043NUP001,2024,518426.612333,5011543.40033,1.55,1,1.55,2024-08-20,2024-08-20,1.65,2024-02-26,2,-0.3619679022144676,82,82,-0.4345728665374294,325,325,-0.4059766377899541,862,862,-0.11118287106894675,325,16,True
PO018043NUP001,2025,518426.612333,5011543.40033,1.75,1,1.75,2025-08-26,2025-08-26,1.85,2025-01-22,1,0.15509125493519785,82,82,0.054428261269336,325,325,0.026178797788229048,862,862,-0.10542723637682565,325,16,True
PO0180470U0001,2016,501288.0,4989873.0,8.2,1,8.2,2016-08-10,2016-08-10,7.9,2016-02-17,1,0.4053239182733993,12,12,0.3202155694181363,109,109,0.13868872262646903,464,464,0.3202155694181363,109,109,True
PO0180470U0001,2017,501288.0,4989873.0,8.61,1,8.61,2017-08-17,2017-08-17,8.26,2017-02-23,2,0.5101814935205103,12,12,0.3782026201017577,109,109,0.3317944603855293,464,464,0.3782026201017577,109,109,True
PO0180470U0001,2018,501288.0,4989873.0,8.68,1,8.68,2018-08-23,2018-08-23,8.85,2018-02-20,2,-0.048747922708439,12,12,-0.001876722896514,109,109,-0.1040405130039979,464,464,-0.001876722896514,109,109,True
PO0180470U0001,2019,501288.0,4989873.0,8.95,1,8.95,2019-08-28,2019-08-28,8.62,2019-02-19,2,-0.0196386805615403,12,12,-0.0560580520348983,109,109,-0.1318563412891474,464,464,-0.0560580520348983,109,109,True
PO0180470U0001,2020,501288.0,4989873.0,8.12,1,8.12,2020-08-25,2020-08-25,7.56,2020-01-29,1,0.28764412156858354,12,12,0.1560551729782669,109,109,0.0523703236684004,464,464,0.1560551729782669,109,109,True
PO0180470U0001,2021,501288.0,4989873.0,8.23,1,8.23,2021-08-26,2021-08-26,7.23,2021-02-23,2,0.39668256567823207,12,12,0.4442578380295533,109,109,0.39922167925724406,464,464,0.4442578380295533,109,109,True
PO018047NR0001,2016,499957.0,4986727.0,5.24,1,5.24,2016-08-02,2016-08-02,4.5,2016-02-08,1,0.2842602541422367,1,1,0.3269486631265979,56,56,0.1887714003171287,411,411,0.3269486631265979,56,56,True
PO018047NR0001,2017,499957.0,4986727.0,6.58,1,6.58,2017-08-01,2017-08-01,5.8,2017-02-28,3,0.513202535324566,1,1,0.33055161301895986,56,56,0.3738562927109319,411,411,0.33055161301895986,56,56,True
PO018047NR0001,2019,499957.0,4986727.0,7.04,1,7.04,2019-08-22,2019-08-22,6.79,2019-01-29,2,0.330558154871759,1,1,-0.11165409650773064,56,56,-0.0967549240661073,411,411,-0.11165409650773064,56,56,True
PO018047NR0001,2020,499957.0,4986727.0,5.28,1,5.28,2020-08-04,2020-08-04,5.41,2020-01-08,1,0.3793213712959233,1,1,0.15629611850487823,56,56,0.0801465911055093,411,411,0.15629611850487823,56,56,True
PO018047NR0001,2021,499957.0,4986727.0,5.1,1,5.1,2021-08-04,2021-08-04,4.14,2021-02-03,2,0.3430895973893066,1,1,0.26985277399083896,56,56,0.4240905630289967,411,411,0.26985277399083896,56,56,True
PO018047NR0001,2022,499957.0,4986727.0,7.1,1,7.1,2022-08-03,2022-08-03,5.95,2022-02-01,2,3.196204358433251,1,1,0.336144270540208,56,56,0.4651694490539038,411,411,0.336144270540208,56,56,True
PO018047NR0001,2023,499957.0,4986727.0,7.68,1,7.68,2023-08-31,2023-08-31,7.4,2023-02-06,1,1.029434685784446,1,1,0.23409377660125308,56,56,0.376800683838038,411,411,0.23409377660125308,56,56,True
PO018047NR0001,2024,499957.0,4986727.0,5.78,1,5.78,2024-08-28,2024-08-28,7.37,2024-02-28,2,0.5279386738693097,1,1,-0.30367787734455864,56,56,-0.1047613839696814,411,411,-0.30367787734455864,56,56,True
PO018047NR0001,2025,499957.0,4986727.0,5.4,1,5.4,2025-08-28,2025-08-28,4.87,2025-02-26,2,-0.4786258983418768,1,1,0.2363028545311919,56,56,0.3133576817990249,411,411,0.2363028545311919,56,56,True
PO0180480U0004,2017,539643.0,5000554.0,5.44,1,5.44,2017-08-30,2017-08-30,5.05,2017-02-28,2,-0.1607701654997458,35,35,0.0106194242650147,102,102,0.0814808117659773,288,288,,102,0,True
PO0180480U0004,2018,539643.0,5000554.0,5.0,1,5.0,2018-08-21,2018-08-21,5.0,2018-02-28,2,-0.7404919689628783,35,35,-0.5670249413482709,102,102,-0.4226824382574883,288,288,,102,0,True
PO0180480U0004,2021,539643.0,5000554.0,5.1,1,5.1,2021-08-25,2021-08-25,4.75,2021-02-26,2,-0.2756270498274143,35,35,-0.1035677623429251,102,102,0.11523077671129009,288,288,,102,0,True
PO0180480U0004,2022,539643.0,5000554.0,5.7,1,5.7,2022-08-10,2022-08-10,5.0,2022-02-14,2,0.0122513158600583,35,35,0.0159187781274767,102,102,0.09993570057592135,288,288,,102,0,True
PO0180480U0004,2023,539643.0,5000554.0,5.0,1,5.0,2023-08-07,2023-08-07,4.7,2023-02-03,2,-0.0182881594703448,35,35,0.048257250777091,102,102,0.10955077422495675,288,288,,102,0,True
PO0180480U0004,2024,539643.0,5000554.0,4.55,1,4.55,2024-08-16,2024-08-16,5.1,2024-02-08,2,-0.6951201465151072,35,35,-0.6574027602607668,102,102,-0.5395920362139792,288,288,,102,0,True
PO0180480U0004,2025,539643.0,5000554.0,4.65,1,4.65,2025-08-22,2025-08-22,4.4,2025-02-07,2,-0.2133332894702113,35,35,-0.17951244352579826,102,102,-0.13216288281933136,288,288,,102,0,True
PO018048NRP001,2018,522279.911,5003718.75567,2.95,1,2.95,2018-08-21,2018-08-21,3.48,2018-01-30,1,-0.309087200344995,85,85,-0.3583734176784524,255,255,-0.3156300948903747,711,711,-0.3232692244797192,255,1,True
PO018048NRP001,2021,522279.911,5003718.75567,3.15,1,3.15,2021-08-25,2021-08-25,2.76,2021-02-26,2,0.2398626666580598,85,85,0.1777976160716123,255,255,0.1845685852306982,711,711,,255,0,True
PO018048NRP001,2022,522279.911,5003718.75567,3.6,1,3.6,2022-08-10,2022-08-10,2.96,2022-02-14,2,0.3849334357639998,85,85,0.3126624742202154,255,255,0.2552844369244229,711,711,,255,0,True
PO018048NRP001,2023,522279.911,5003718.75567,3.38,1,3.38,2023-08-07,2023-08-07,2.8,2023-02-03,2,0.2089537942108724,85,85,0.1078240690878955,255,255,0.1220603632879266,711,711,,255,0,True
PO018048NRP001,2024,522279.911,5003718.75567,2.82,1,2.82,2024-08-16,2024-08-16,3.5,2024-02-08,2,-0.5361858372060774,85,85,-0.4398393238946951,255,255,-0.415774256485505,711,711,,255,0,True
PO018048NRP001,2025,522279.911,5003718.75567,3.0,1,3.0,2025-08-22,2025-08-22,2.8,2025-02-07,2,-0.1418863255700987,85,85,0.0230956920771458,255,255,0.0230956920771458,711,711,,255,0,True
PO0180490U0003,2015,520341.0,4986376.0,4.64,1,4.64,2015-08-20,2015-08-20,2.29,2015-02-12,2,,0,0,0.0900240573913751,1,1,-0.7558853827466921,233,233,,1,0,True
PO0180490U0003,2016,520341.0,4986376.0,5.73,1,5.73,2016-08-24,2016-08-24,2.77,2016-02-24,2,,0,0,-0.4908137737977008,1,1,-0.0461772822869065,233,233,,1,0,True
PO0180490U0003,2017,520341.0,4986376.0,5.91,1,5.91,2017-08-28,2017-08-28,3.12,2017-02-21,2,,0,0,0.5314095308012562,1,1,0.1143237042168971,233,233,,1,0,True
PO0180490U0003,2018,520341.0,4986376.0,5.71,1,5.71,2018-08-27,2018-08-27,2.6,2018-02-26,2,,0,0,-0.9079423212906392,1,1,-0.3680057820044824,233,233,,1,0,True
PO0180500U0002,2015,480174.0,5017487.0,3.8,1,3.8,2015-08-22,2015-08-22,3.92,2015-02-18,2,-0.7229672393044659,81,81,-0.3935443004687656,323,323,-0.48899425189469337,1130,1130,-0.3492928052625985,323,287,True
PO0180500U0002,2016,480174.0,5017487.0,3.9,1,3.9,2016-08-25,2016-08-25,4.4,2016-02-24,2,-0.0112357132596218,81,81,0.3560411072624803,323,323,0.17127149938714675,1130,1130,0.3420122562916866,323,257,True
PO0180500U0002,2017,480174.0,5017487.0,3.6,1,3.6,2017-08-16,2017-08-16,4.2,2017-01-18,1,0.241551341272183,81,81,0.4526222129291067,323,323,0.3383062974584691,1130,1130,0.4726373221377474,323,257,True
PO0180500U0002,2018,480174.0,5017487.0,4.01,1,4.01,2018-08-30,2018-08-30,3.81,2018-01-30,1,-0.044736600299579,81,81,0.1313280560790283,323,323,0.0171602897931402,1130,1130,0.07722017964025754,323,252,True
PO018062NRD002,2016,489193.0,4993809.0,6.66,1,6.66,2016-08-11,2016-08-11,7.18,2016-02-09,2,0.1416639821595371,83,83,0.220642415394981,265,265,0.16871667086266928,814,814,0.220642415394981,265,265,True
PO018062NRD002,2017,489193.0,4993809.0,5.86,1,5.86,2017-08-08,2017-08-08,7.9,2017-02-13,2,0.3951075178131774,83,83,0.3951075178131774,265,265,0.3723236797174322,814,814,0.3951075178131774,265,265,True
PO018062NRD002,2018,489193.0,4993809.0,5.75,1,5.75,2018-08-13,2018-08-13,7.9,2018-02-15,2,0.0032573215784736,83,83,-0.0040690958211354,265,265,-0.07120966123957775,814,814,-0.0040690958211354,265,265,True
PO018062NRD002,2019,489193.0,4993809.0,7.28,1,7.28,2019-08-14,2019-08-14,7.88,2019-02-15,2,-0.0393929920270856,83,83,-0.0068691219677984,265,265,-0.09969189578845045,814,814,-0.0068691219677984,265,265,True
PO018062NRD002,2020,489193.0,4993809.0,6.28,1,6.28,2020-08-31,2020-08-31,7.47,2020-02-17,2,0.0939006366793887,83,83,0.1599178023947846,265,265,0.10743595219699764,814,814,0.1599178023947846,265,265,True
PO018062NRD002,2024,489193.0,4993809.0,6.22,1,6.22,2024-08-18,2024-08-18,7.12,2024-02-15,2,-0.1000673425851944,83,83,-0.0414511076219185,265,265,-0.1092318284615583,814,814,-0.0414511076219185,265,265,True
PO018062NRD002,2025,489193.0,4993809.0,6.89,1,6.89,2025-08-04,2025-08-04,7.86,2025-02-14,2,0.245485816358915,83,83,0.3654951106795812,265,265,0.30691072615118786,814,814,0.3654951106795812,265,265,True
PO018065NRG001,2016,476409.0,4987902.0,1.92,1,1.92,2016-08-11,2016-08-11,4.19,2016-02-18,1,0.2407601974889058,58,58,0.225238156314907,173,173,0.1018679026489894,628,628,0.2304519581214968,173,161,True
PO018065NRG001,2017,476409.0,4987902.0,2.26,1,2.26,2017-08-16,2017-08-16,3.87,2017-02-21,1,0.24485027413799937,58,58,0.3469583390996653,173,173,0.32306780228514875,628,628,0.3376492608206842,173,160,True
PO018065NRG001,2019,476409.0,4987902.0,1.77,1,1.77,2019-08-27,2019-08-27,4.0,2019-02-19,1,-0.2530682159630897,58,58,-0.1473674963598245,173,173,-0.12444262741410836,628,628,-0.1244347673394745,173,160,True
PO018065NRG001,2022,476409.0,4987902.0,1.8,1,1.8,2022-08-31,2022-08-31,4.24,2022-02-28,1,0.31521357640876546,58,58,0.3504619648268068,173,173,0.43385554350490624,628,628,0.39528799084376287,173,160,True
PO018065NRG001,2025,476409.0,4987902.0,1.8,1,1.8,2025-08-28,2025-08-28,3.6,2025-02-19,1,0.0109769324556208,58,58,0.1445241167653685,173,173,0.16094308797005413,628,628,0.1902039883826204,173,161,True
PO018068NRP001,2016,492857.0,5011583.0,18.9,1,18.9,2016-08-22,2016-08-22,20.7,2016-02-23,1,-0.0128324145642437,61,61,-0.0251491801069596,241,241,0.09140524939890846,1156,1156,-0.0251491801069596,241,241,True
PO018068NRP001,2017,492857.0,5011583.0,19.9,1,19.9,2017-08-22,2017-08-22,20.9,2017-02-21,2,0.2320942235024832,61,61,0.2239004796621296,241,241,0.3080625512904881,1156,1156,0.2239004796621296,241,241,True
PO018068NRP001,2018,492857.0,5011583.0,19.6,1,19.6,2018-08-22,2018-08-22,21.2,2018-02-21,2,-0.06506574471086,61,61,-0.1706947012995226,241,241,-0.07120966123957775,1156,1156,-0.1706947012995226,241,241,True
PO0180690U0002,2015,494013.0,5004960.0,4.59,1,4.59,2015-08-21,2015-08-21,5.12,2015-02-18,2,-0.6167892464063893,76,76,-0.6509309987904193,290,290,-0.6116489121770698,1046,1046,-0.6509309987904193,290,290,True
PO0180690U0002,2016,494013.0,5004960.0,6.2,1,6.2,2016-08-16,2016-08-16,5.8,2016-02-15,2,0.15659234952410533,76,76,0.12257635413372589,290,290,0.06898797561926825,1046,1046,0.12257635413372589,290,290,True
PO0180690U0002,2018,494013.0,5004960.0,5.5,1,5.5,2018-08-22,2018-08-22,5.7,2018-02-16,1,-0.0943631233738518,76,76,-0.07522391261065944,290,290,-0.11655287854540185,1046,1046,-0.07522391261065944,290,290,True
PO0180690U0002,2019,494013.0,5004960.0,5.2,1,5.2,2019-08-23,2019-08-23,6.06,2019-02-28,2,-0.15127684617519016,76,76,-0.1291101737901679,290,290,-0.1169202726264029,1046,1046,-0.1291101737901679,290,290,True
PO018072NUP001,2017,512563.9021,5011157.222,3.7,1,3.7,2017-08-22,2017-08-22,4.2,2017-01-31,1,0.294268705815196,81,81,0.2041935125639632,287,287,0.16914330238541503,988,988,0.2212598923580793,287,122,True
PO018072NUP001,2018,512563.9021,5011157.222,3.05,1,3.05,2018-08-30,2018-08-30,4.2,2018-02-26,2,-0.2234790512259804,81,81,-0.2416686546478031,287,287,-0.26612580437054134,988,988,-0.1855819538519887,287,119,True
PO018072NUP001,2019,512563.9021,5011157.222,3.15,1,3.15,2019-08-30,2019-08-30,4.3,2019-02-28,2,-0.2053457451820837,81,81,-0.211227502701776,287,287,-0.2714001216467173,988,988,-0.15236790192686966,287,118,True
PO018072NUP001,2021,512563.9021,5011157.222,3.35,1,3.35,2021-08-30,2021-08-30,3.5,2021-02-26,2,0.2957460852682587,81,81,0.2646623850100423,287,287,0.20521572432983584,988,988,0.2788129912592052,287,88,True
PO018072NUP001,2022,512563.9021,5011157.222,3.15,1,3.15,2022-08-30,2022-08-30,3.9,2022-02-28,2,0.4420147507842182,81,81,0.3965229810679609,287,287,0.322160216684532,988,988,0.3402151096214435,287,89,True
PO018072NUP001,2023,512563.9021,5011157.222,3.7,1,3.7,2023-08-30,2023-08-30,4.6,2023-02-28,2,0.098804172536357,81,81,0.1107520652270172,287,287,0.1265917980473798,988,988,0.1322356680402845,287,88,True
PO018072NUP001,2024,512563.9021,5011157.222,2.55,1,2.55,2024-08-20,2024-08-20,3.95,2024-02-26,2,-0.282619164950879,81,81,-0.3660017454108574,287,287,-0.3303826282938793,988,988,-0.305977522660864,287,92,True
PO018072NUP001,2025,512563.9021,5011157.222,3.0,1,3.0,2025-08-26,2025-08-26,3.6,2025-01-22,1,0.1438834916474501,81,81,0.0737260011198009,287,287,0.06836714967113815,988,988,-0.0036865117978165003,287,92,True
PO0180810U0111,2016,521130.0,5000547.0,1.3,1,1.3,2016-08-26,2016-08-26,5.25,2016-01-28,1,-0.0535961783839449,52,52,0.0144758127999355,191,191,-0.0521983170772635,679,679,0.0040085524486557,191,7,True
PO0180810U0111,2017,521130.0,5000547.0,2.0,1,2.0,2017-08-22,2017-08-22,2.8,2017-02-28,1,0.2917270815745988,52,52,0.1459649752037008,191,191,0.1952088562984227,679,679,0.1001610349556802,191,7,True
PO0180810U0111,2018,521130.0,5000547.0,4.0,1,4.0,2018-08-30,2018-08-30,4.1,2018-02-26,1,-0.34493455987879523,52,52,-0.4056870994571266,191,191,-0.3144808154465911,679,679,-0.489482074283895,191,7,True
PO0180810U0111,2019,521130.0,5000547.0,5.72,1,5.72,2019-08-30,2019-08-30,4.0,2019-02-28,1,-0.48294484135843957,52,52,-0.281722641316938,191,191,-0.3112576307405099,679,679,-0.2143974079702931,191,7,True
PO0180810U0111,2021,521130.0,5000547.0,3.1,1,3.1,2021-08-30,2021-08-30,2.3,2021-02-26,1,0.17703093673624304,52,52,0.1845685852306982,191,191,0.1865358626463344,679,679,0.3594695808074298,191,2,True
PO0180810U0111,2022,521130.0,5000547.0,2.5,1,2.5,2022-08-30,2022-08-30,2.8,2022-02-28,1,0.4471245940178288,52,52,0.1944103845612367,191,191,0.266602462772873,679,679,0.17020308011956375,191,2,True
PO0180810U0111,2023,521130.0,5000547.0,2.85,1,2.85,2023-08-30,2023-08-30,3.7,2023-02-28,1,0.0860985485566334,52,52,0.0970654137485139,191,191,0.1408115899245257,679,679,0.5610067464588078,191,2,True
PO0180810U0111,2024,521130.0,5000547.0,1.55,1,1.55,2024-08-20,2024-08-20,3.0,2024-02-26,2,-0.44767883361680444,52,52,-0.5500155184267274,191,191,-0.3734150324698126,679,679,0.2395761190819036,191,3,True
PO0180810U0111,2025,521130.0,5000547.0,1.5,1,1.5,2025-08-26,2025-08-26,2.8,2025-01-22,1,-0.1570353271897108,52,52,0.0128073789087367,191,191,0.0329567738979772,679,679,0.3359957207740918,191,3,True
PO0180880U0001,2015,479549.0,4993807.0,1.86,1,1.86,2015-08-14,2015-08-14,4.51,2015-02-24,2,-0.6395725526196816,88,88,-0.5145158969778885,308,308,-0.5339445269724591,879,879,-0.5145158969778885,308,308,True
PO0180880U0001,2016,479549.0,4993807.0,1.72,1,1.72,2016-08-11,2016-08-11,5.08,2016-02-18,2,0.0988946452394579,88,88,0.17812136500683068,308,308,0.163577548712329,879,879,0.1781890927497572,308,303,True
PO0180880U0001,2017,479549.0,4993807.0,1.99,1,1.99,2017-08-16,2017-08-16,4.96,2017-02-21,2,0.45176223680232525,88,88,0.3485678474997826,308,308,0.3505700132777612,879,879,0.3588045780651867,308,303,True
PO0180880U0001,2018,479549.0,4993807.0,1.82,1,1.82,2018-08-22,2018-08-22,5.03,2018-02-21,2,-0.13337970372161057,88,88,-0.0280166244905746,308,308,-0.0872879121968524,879,879,-0.0283945190848868,308,303,True
PO0180880U0001,2019,479549.0,4993807.0,1.83,1,1.83,2019-08-27,2019-08-27,4.8,2019-02-19,2,-0.07472750588752711,88,88,-0.10862886402743416,308,308,-0.0992500669040663,879,879,-0.1030955080984125,308,303,True
PO0180880U0001,2020,479549.0,4993807.0,1.71,1,1.71,2020-08-26,2020-08-26,4.27,2020-01-28,1,0.15503330964213113,88,88,0.09316062370727946,308,308,0.06380505837083,879,879,0.0949043625329479,308,303,True
PO0180880U0001,2021,479549.0,4993807.0,1.64,1,1.64,2021-08-25,2021-08-25,4.2,2021-01-26,1,0.367793704903446,88,88,0.409007333973626,308,308,0.415194539689519,879,879,0.4028201282577329,308,303,True
PO0180880U0001,2022,479549.0,4993807.0,3.87,1,3.87,2022-08-31,2022-08-31,5.03,2022-02-28,1,0.5066260381879847,88,88,0.49713780362129956,308,308,0.4824095572870261,879,879,0.4981320315697096,308,303,True
PO0180880U0001,2025,479549.0,4993807.0,2.71,1,2.71,2025-08-13,2025-08-13,4.64,2025-02-19,1,0.3785024839863183,88,88,0.28413940145647687,308,308,0.218072654473198,879,879,0.2941218447723553,308,303,True
PO0181100U0111,2017,511138.0,5006846.0,4.0,1,4.0,2017-08-22,2017-08-22,5.3,2017-02-28,2,0.18879053977324456,60,60,0.21415002091822755,270,270,0.2099231739388818,971,971,0.1974646877482357,270,158,True
PO0181100U0111,2018,511138.0,5006846.0,3.3,1,3.3,2018-08-30,2018-08-30,5.45,2018-02-26,2,-0.2770890483309662,60,60,-0.2975677433651147,270,270,-0.2268992124683592,971,971,-0.27052802991018676,270,156,True
PO0181100U0111,2019,511138.0,5006846.0,3.32,1,3.32,2019-08-30,2019-08-30,5.7,2019-02-28,2,-0.32348044635124745,60,60,-0.20604742428638656,270,270,-0.2527754338836801,971,971,-0.16003096049743826,270,156,True
PO0181100U0111,2021,511138.0,5006846.0,5.28,1,5.28,2021-08-30,2021-08-30,4.7,2021-02-26,2,0.16944822586297487,60,60,0.2994092411004312,270,270,0.2495209461847165,971,971,0.3243974376363564,270,129,True
PO0181100U0111,2022,511138.0,5006846.0,5.0,1,5.0,2022-08-30,2022-08-30,5.2,2022-02-28,2,0.3978940686092701,60,60,0.40813951753573996,270,270,0.3482752124099951,971,971,0.4261857607542111,270,130,True
PO0181100U0111,2023,511138.0,5006846.0,4.6,1,4.6,2023-08-30,2023-08-30,6.1,2023-02-16,2,0.1265917980473798,60,60,0.12421303897217595,270,270,0.1595665517910791,971,971,0.1378983572389677,270,129,True
PO0181100U0111,2024,511138.0,5006846.0,2.75,1,2.75,2024-08-20,2024-08-20,5.35,2024-02-26,2,-0.31612879361558166,60,60,-0.3268813619721215,270,270,-0.3100818629549448,971,971,-0.2367647442418371,270,133,True
PO0181100U0111,2025,511138.0,5006846.0,3.65,1,3.65,2025-08-26,2025-08-26,5.05,2025-01-22,1,0.2346217764984156,60,60,0.16360573309391363,270,270,0.0963973583199299,971,971,0.1775804374651739,270,133,True
PO0181140U0002,2017,534746.0,4995245.0,4.35,1,4.35,2017-08-30,2017-08-30,4.54,2017-02-28,2,-0.0533681549760569,55,55,0.0020606666209935,127,127,0.11353369639877955,300,300,,127,0,True
PO0181140U0002,2018,534746.0,4995245.0,4.0,1,4.0,2018-08-21,2018-08-21,4.4,2018-02-28,2,-0.5856081543147463,55,55,-0.501904992796579,127,127,-0.4226824382574883,300,300,,127,0,True
PO0181140U0002,2021,534746.0,4995245.0,3.9,1,3.9,2021-08-25,2021-08-25,3.2,2021-02-26,2,-0.0019934057284269,55,55,0.0016451310630642,127,127,0.1167914367560626,300,300,,127,0,True
PO0181140U0002,2022,534746.0,4995245.0,4.65,1,4.65,2022-08-10,2022-08-10,4.3,2022-02-14,2,0.0055860889570253,55,55,0.0279398629075404,127,127,0.168119161885268,300,300,,127,0,True
PO0181140U0002,2023,534746.0,4995245.0,4.5,1,4.5,2023-08-07,2023-08-07,4.4,2023-02-03,2,-0.0567876528759696,55,55,0.0561436671382223,127,127,0.10955077422495675,300,300,,127,0,True
PO0181140U0002,2024,534746.0,4995245.0,2.95,1,2.95,2024-08-16,2024-08-16,4.4,2024-02-08,2,-0.6126233589379316,55,55,-0.6254074653924593,127,127,-0.5291005926386443,300,300,,127,0,True
PO0181140U0002,2025,534746.0,4995245.0,3.3,1,3.3,2025-08-22,2025-08-22,3.0,2025-02-07,2,-0.1577955779339056,55,55,-0.1326672757036151,127,127,-0.12285185144176514,300,300,,127,0,True
PO0181150U0006,2015,512380.0,4989928.0,5.4,1,5.4,2015-08-20,2015-08-20,3.07,2015-02-20,2,-0.0865768320168069,1,1,-0.7691511027518149,28,28,-0.5940366764439126,375,375,-0.7691511027518149,28,28,True
PO0181150U0006,2016,512380.0,4989928.0,6.18,1,6.18,2016-08-10,2016-08-10,5.77,2016-02-17,2,0.0332568805310376,1,1,0.0059575457327282,28,28,0.0777310567883495,375,375,0.0059575457327282,28,28,True
PO0181150U0006,2017,512380.0,4989928.0,6.87,1,6.87,2017-08-17,2017-08-17,6.4,2017-02-23,2,0.6512978219631824,1,1,0.14947556314408034,28,28,0.2761107331735702,375,375,0.14947556314408034,28,28,True
PO0181150U0006,2018,512380.0,4989928.0,7.02,1,7.02,2018-08-23,2018-08-23,7.05,2018-02-20,2,0.1175559836197405,1,1,-0.29340740689751577,28,28,-0.2268992124683592,375,375,-0.29340740689751577,28,28,True
PO0181150U0006,2019,512380.0,4989928.0,7.27,1,7.27,2019-08-28,2019-08-28,6.92,2019-02-19,2,-0.0357260068808848,1,1,-0.1874517418492806,28,28,-0.208378503070493,375,375,-0.1874517418492806,28,28,True
PO0181150U0006,2020,512380.0,4989928.0,6.16,1,6.16,2020-08-25,2020-08-25,5.42,2020-01-29,1,0.3457330602030902,1,1,-0.0819144733513629,28,28,-0.0965121070702462,375,375,0.0209102339711663,28,25,True
PO0181150U0006,2021,512380.0,4989928.0,6.15,1,6.15,2021-08-26,2021-08-26,4.76,2021-02-23,2,-0.3865442075064416,1,1,0.19437349865539794,28,28,0.3233392214544187,375,375,0.2041646324519885,28,25,True
PO0181180U0019,2015,524321.0,4993134.0,7.95,1,7.95,2015-08-20,2015-08-20,7.12,2015-02-25,2,-0.6142819479555589,7,7,-0.6453143795265897,82,82,-0.7559047427875081,420,420,,82,0,True
PO0181180U0019,2016,524321.0,4993134.0,8.35,1,8.35,2016-08-24,2016-08-24,7.9,2016-02-25,2,0.2731975421737133,7,7,-0.1317148824925513,82,82,-0.06557227776384375,420,420,,82,0,True
PO0181180U0019,2017,524321.0,4993134.0,9.24,1,9.24,2017-08-28,2017-08-28,8.34,2017-02-21,2,0.3809653947558634,7,7,0.06378560047944845,82,82,0.1297070699161054,420,420,,82,0,True
PO0181180U0019,2018,524321.0,4993134.0,8.99,1,8.99,2018-08-27,2018-08-27,8.97,2018-02-26,2,-0.455820501992957,7,7,-0.3986395332922183,82,82,-0.3960099951065492,420,420,,82,0,True
PO0181220U0001,2016,501728.0,4974258.0,6.1,1,6.1,2016-08-09,2016-08-09,6.1,2016-02-16,1,,0,0,,0,0,0.3336817568350596,29,29,,0,0,False
PO0181220U0001,2017,501728.0,4974258.0,6.19,1,6.19,2017-08-16,2017-08-16,6.12,2017-02-23,1,,0,0,,0,0,0.4823165685314788,29,29,,0,0,False
PO0181220U0001,2019,501728.0,4974258.0,6.94,1,6.94,2019-08-28,2019-08-28,7.22,2019-02-19,1,,0,0,,0,0,-0.0473852078357866,29,29,,0,0,False
PO018146NRP001,2016,473582.7089,4995758.0701,3.0,1,3.0,2016-08-11,2016-08-11,6.05,2016-02-18,1,0.1450620132594071,77,77,0.0936725172938267,297,297,0.12426228089831734,930,930,0.12773065520995,297,212,True
PO018146NRP001,2017,473582.7089,4995758.0701,3.1,1,3.1,2017-08-16,2017-08-16,5.84,2017-02-21,2,0.2803141866083062,77,77,0.3271749866797958,297,297,0.30040637771603484,930,930,0.399093518341327,297,208,True
PO018146NRP001,2018,473582.7089,4995758.0701,2.84,1,2.84,2018-08-22,2018-08-22,5.9,2018-02-21,2,-0.1994564162041701,77,77,-0.15776337546626,297,297,-0.12024954365687984,930,930,-0.0821539525166945,297,206,True
PO018146NRP001,2019,473582.7089,4995758.0701,3.03,1,3.03,2019-08-27,2019-08-27,5.75,2019-02-19,2,-0.1151841970454155,77,77,-0.1229707108998903,297,297,-0.1236385323390993,930,930,-0.0935933117661588,297,209,True
PO018146NRP001,2020,473582.7089,4995758.0701,3.0,1,3.0,2020-08-26,2020-08-26,5.26,2020-01-28,1,0.0801537072840705,77,77,0.0349978579638087,297,297,0.01664697791348815,930,930,0.1343874934051302,297,209,True
PO018147NUP001,2016,492497.439,4996514.76967,5.29,1,5.29,2016-08-11,2016-08-11,6.67,2016-02-18,1,0.23041619803171837,78,78,0.24575112288877898,288,288,0.1289554027824585,843,843,0.24575112288877898,288,288,True
PO018147NUP001,2017,492497.439,4996514.76967,5.36,1,5.36,2017-08-16,2017-08-16,6.55,2017-02-21,2,0.3935799985804601,78,78,0.4021755164255123,288,288,0.3469583390996653,843,843,0.4021755164255123,288,288,True
PO018147NUP001,2018,492497.439,4996514.76967,5.35,1,5.35,2018-08-22,2018-08-22,6.7,2018-02-21,2,-0.04068888991309015,78,78,-0.0029729093588247,288,288,-0.0827256588301302,843,843,-0.0029729093588247,288,288,True
PO018147NUP001,2019,492497.439,4996514.76967,5.46,1,5.46,2019-08-27,2019-08-27,6.71,2019-02-19,2,0.00757654807172215,78,78,-0.03844670077604355,288,288,-0.1125024820591754,843,843,-0.03844670077604355,288,288,True
PO018147NUP001,2020,492497.439,4996514.76967,5.1,1,5.1,2020-08-26,2020-08-26,6.07,2020-01-28,1,0.2620755811225357,78,78,0.14590814742643235,288,288,0.0828428863900225,843,843,0.14590814742643235,288,288,True
PO018147NUP001,2021,492497.439,4996514.76967,5.16,1,5.16,2021-08-25,2021-08-25,6.14,2021-01-26,1,0.5858013926321817,78,78,0.5082447525374975,288,288,0.4225830519781638,843,843,0.5082447525374975,288,288,True
PO018147NUP001,2022,492497.439,4996514.76967,6.35,1,6.35,2022-08-31,2022-08-31,6.66,2022-02-28,1,0.5212287799431248,78,78,0.5870109462328682,288,288,0.5395261243843672,843,843,0.5870109462328682,288,288,True
PO018147NUP001,2024,492497.439,4996514.76967,5.23,1,5.23,2024-08-26,2024-08-26,6.61,2024-02-27,1,-0.2130712249448603,78,78,-0.03787905085268375,288,288,-0.1047613839696814,843,843,-0.03787905085268375,288,288,True
PO018147NUP001,2025,492497.439,4996514.76967,5.14,1,5.14,2025-08-13,2025-08-13,6.34,2025-02-19,1,0.33545446787724353,78,78,0.3680229966496667,288,288,0.2924194317490334,843,843,0.3680229966496667,288,288,True
PO0181550U0001,2015,505656.0,4980492.0,2.27,1,2.27,2015-08-20,2015-08-20,1.81,2015-02-20,2,,0,0,,0,0,-0.5782717995145756,143,143,,0,0,False
PO0181550U0001,2016,505656.0,4980492.0,2.54,1,2.54,2016-08-10,2016-08-10,2.3,2016-02-17,2,,0,0,,0,0,0.2173864685176586,143,143,,0,0,False
PO0181550U0001,2017,505656.0,4980492.0,2.8,1,2.8,2017-08-17,2017-08-17,2.57,2017-02-23,2,,0,0,,0,0,0.3719546858799058,143,143,,0,0,False
PO0181550U0001,2018,505656.0,4980492.0,2.86,1,2.86,2018-08-23,2018-08-23,2.84,2018-02-20,2,,0,0,,0,0,-0.0445816246342259,143,143,,0,0,False
PO0181550U0001,2019,505656.0,4980492.0,2.84,1,2.84,2019-08-28,2019-08-28,2.84,2019-02-19,2,,0,0,,0,0,-0.1065645269450525,143,143,,0,0,False
PO0181550U0001,2020,505656.0,4980492.0,2.55,1,2.55,2020-08-25,2020-08-25,2.25,2020-01-29,1,,0,0,,0,0,0.1395247543281159,143,143,,0,0,False
PO0181550U0001,2021,505656.0,4980492.0,2.59,1,2.59,2021-08-26,2021-08-26,2.22,2021-02-23,2,,0,0,,0,0,0.4551319298284706,143,143,,0,0,False
PO018162NUP001,2017,512843.2754,4999704.7415,4.4,1,4.4,2017-08-22,2017-08-22,4.3,2017-02-28,2,-0.026716873027897048,26,26,0.2264517193822208,171,171,0.2291294277255146,745,745,0.22489107558866875,171,102,True
PO018162NUP001,2018,512843.2754,4999704.7415,3.63,1,3.63,2018-08-30,2018-08-30,5.0,2018-02-26,2,-0.4676380100156792,26,26,-0.2732074434392574,171,171,-0.2335812018130525,745,745,-0.20883019753538845,171,102,True
PO018162NUP001,2019,512843.2754,4999704.7415,4.17,1,4.17,2019-08-30,2019-08-30,4.55,2019-02-28,3,-0.322445514983673,26,26,-0.2086199520460047,171,171,-0.232552586318301,745,745,-0.14855602997003692,171,102,True
PO018162NUP001,2021,512843.2754,4999704.7415,3.35,1,3.35,2021-08-30,2021-08-30,3.8,2021-02-26,2,0.11641980025479495,26,26,0.2918558914263143,171,171,0.2813467017859631,745,745,0.3459409143029901,171,89,True
PO018162NUP001,2022,512843.2754,4999704.7415,3.35,1,3.35,2022-08-30,2022-08-30,4.6,2022-02-28,2,0.14579110060684236,26,26,0.3389956700236368,171,171,0.3696512366331659,745,745,0.4067007138042229,171,89,True
PO018162NUP001,2023,512843.2754,4999704.7415,4.6,1,4.6,2023-08-30,2023-08-30,5.1,2023-02-28,2,-0.1561777023295682,26,26,0.1833517929081926,171,171,0.1846653723517823,745,745,0.2956260285649414,171,89,True
PO018162NUP001,2024,512843.2754,4999704.7415,2.5,1,2.5,2024-08-20,2024-08-20,4.6,2024-01-30,1,-0.49998136026262296,26,26,-0.3035963478548255,171,171,-0.3254816020883609,745,745,-0.1761075383666246,171,91,True
PO018162NUP001,2025,512843.2754,4999704.7415,3.6,1,3.6,2025-08-26,2025-08-26,3.9,2025-01-22,1,0.06386610755786355,26,26,0.1504227590147857,171,171,0.1106029242512801,745,745,0.220867153052083,171,91,True
PO018173NUP001,2017,507665.885333,5013301.88233,1.6,1,1.6,2017-08-22,2017-08-22,2.7,2017-02-28,2,0.2654424491705262,81,81,0.19639441527092855,280,280,0.186715008428194,1052,1052,0.1390178642512566,280,201,True
PO018173NUP001,2018,507665.885333,5013301.88233,1.48,1,1.48,2018-08-30,2018-08-30,2.5,2018-02-26,2,-0.2234790512259804,81,81,-0.22351336888656145,280,280,-0.22332795068403055,1052,1052,-0.22931716986473874,280,198,True
PO018173NUP001,2019,507665.885333,5013301.88233,1.47,1,1.47,2019-08-30,2019-08-30,2.5,2019-02-28,2,-0.1223382531244944,81,81,-0.2006075992551706,280,280,-0.26041050041821495,1052,1052,-0.1411901730773861,280,197,True
PO018173NUP001,2021,507665.885333,5013301.88233,2.1,1,2.1,2021-08-30,2021-08-30,1.8,2021-02-26,2,0.3081469667380149,81,81,0.24825094255571573,280,280,0.24631541727031414,1052,1052,0.2395861103285554,280,161,True
PO018173NUP001,2022,507665.885333,5013301.88233,1.7,1,1.7,2022-08-30,2022-08-30,2.5,2022-02-28,2,0.434712810030029,81,81,0.4317218130717366,280,280,0.38616323610262093,1052,1052,0.41555430550325023,280,162,True
PO018173NUP001,2023,507665.885333,5013301.88233,2.0,1,2.0,2023-08-29,2023-08-29,3.0,2023-02-28,2,0.1278516762382834,81,81,0.08130897749975695,280,280,0.13289708061082933,1052,1052,0.0732923201269087,280,161,True
PO018173NUP001,2024,507665.885333,5013301.88233,1.8,1,1.8,2024-08-20,2024-08-20,2.5,2024-02-26,2,-0.3254816020883609,81,81,-0.3052005812234668,280,280,-0.30665547700520035,1052,1052,-0.22198513275515,280,165,True
PO018173NUP001,2025,507665.885333,5013301.88233,1.45,1,1.45,2025-08-26,2025-08-26,2.85,2025-01-22,1,0.0365386800399122,81,81,0.07408953162809695,280,280,0.09652636082224715,1052,1052,0.0911641157661021,280,165,True
PO018176NUP001,2017,518046.1505,5015899.1052,3.75,1,3.75,2017-08-22,2017-08-22,4.7,2017-02-28,2,0.1841730614869638,81,81,0.1865938565833882,324,324,0.1481965848680373,827,827,0.2526276701839036,324,37,True
PO018176NUP001,2018,518046.1505,5015899.1052,3.72,1,3.72,2018-08-30,2018-08-30,4.8,2018-02-26,2,-0.2829416767691569,81,81,-0.2545639164221347,324,324,-0.2962170964273293,827,827,-0.11338007345980491,324,34,True
PO018176NUP001,2019,518046.1505,5015899.1052,3.87,1,3.87,2019-08-30,2019-08-30,4.8,2019-02-28,2,-0.3835643244547979,81,81,-0.2730627630020803,324,324,-0.2803958299537469,827,827,0.027984973340698,324,33,True
PO018176NUP001,2021,518046.1505,5015899.1052,3.65,1,3.65,2021-08-30,2021-08-30,4.2,2021-02-26,2,0.221909992664656,81,81,0.20934293540828805,324,324,0.1905572599649698,827,827,0.4585732555012464,324,9,True
PO018176NUP001,2022,518046.1505,5015899.1052,3.6,1,3.6,2022-08-30,2022-08-30,4.6,2022-02-28,2,0.2850667228698547,81,81,0.3204295247783351,324,324,0.292842400022567,827,827,-0.008931538862433502,324,10,True
PO018176NUP001,2023,518046.1505,5015899.1052,4.4,1,4.4,2023-08-29,2023-08-29,4.6,2023-02-28,2,0.098804172536357,81,81,0.10130160630637094,324,324,0.0790857384479541,827,827,0.1810623692094021,324,9,True
PO018176NUP001,2024,518046.1505,5015899.1052,3.05,1,3.05,2024-08-20,2024-08-20,3.75,2024-02-28,2,-0.4867973733703893,81,81,-0.5049958826878431,324,324,-0.3918174126074454,827,827,-0.872655711869176,324,11,True
PO018176NUP001,2025,518046.1505,5015899.1052,3.6,1,3.6,2025-08-26,2025-08-26,4.15,2025-01-22,1,-0.0708644578399896,81,81,0.04089441697692355,324,324,0.0220184669000311,827,827,0.0170301246046396,324,11,True
PO0181770U0020,2015,488853.0,5017022.0,4.8,1,4.8,2015-08-21,2015-08-21,5.42,2015-02-26,2,-0.7434697409819969,48,48,-0.69528570833638,243,243,-0.5810961232275604,1089,1089,-0.69528570833638,243,243,True
PO0181770U0020,2016,488853.0,5017022.0,4.9,1,4.9,2016-08-30,2016-08-30,5.9,2016-02-15,2,-0.07254955893742315,48,48,0.0169691614212626,243,243,0.1229923798193371,1089,1089,0.0169691614212626,243,243,True
PO0181770U0020,2018,488853.0,5017022.0,3.9,1,3.9,2018-08-22,2018-08-22,5.25,2018-02-16,1,0.02346631933117245,48,48,-0.0653804918741068,243,243,-0.0351707038422859,1089,1089,-0.0653804918741068,243,243,True
PO018180NUP001,2018,528164.265,5007156.563,5.45,1,5.45,2018-08-21,2018-08-21,5.22,2018-02-28,2,-0.3014151372220064,81,81,-0.3392168399908493,247,247,-0.3614523574379499,610,610,,247,0,True
PO018180NUP001,2021,528164.265,5007156.563,5.05,1,5.05,2021-08-25,2021-08-25,5.2,2021-02-26,2,0.1754890892755964,81,81,0.1823705592367354,247,247,0.15407134943300227,610,610,,247,0,True
PO018180NUP001,2022,528164.265,5007156.563,6.25,1,6.25,2022-08-10,2022-08-10,5.73,2022-02-14,2,0.1206739635541941,81,81,0.2829626400699465,247,247,0.25121588882265977,610,610,,247,0,True
PO018180NUP001,2023,528164.265,5007156.563,5.95,1,5.95,2023-08-07,2023-08-07,5.75,2023-02-03,2,0.3077653512266307,81,81,0.1107520652270172,247,247,0.10701195873962449,610,610,,247,0,True
PO018180NUP001,2024,528164.265,5007156.563,5.0,1,5.0,2024-08-16,2024-08-16,5.8,2024-02-08,2,-0.4059954503594662,81,81,-0.4702553789950934,247,247,-0.48576867320684913,610,610,,247,0,True
PO018180NUP001,2025,528164.265,5007156.563,5.2,1,5.2,2025-08-22,2025-08-22,5.3,2025-02-07,2,-0.0599284934425547,81,81,-0.0750985024079949,247,247,0.0060805397872519505,610,610,,247,0,True
