scene_id,checkpoint_path,checkpoint_read_ok,checkpoint_read_error,year,acquisition_date,orbit_state,relative_orbit,platform,rows_n,zero_support_checkpoint,scene_id_values_n,scene_id_matches_filename,support_ids_n,duplicate_support_rows_n,vv_raster_inside_n,vv_calibration_fail_n,vv_noise_fail_n,vv_nonpositive_n,vv_valid_corrected_sigma0_n,vh_raster_inside_n,vh_calibration_fail_n,vh_noise_fail_n,vh_nonpositive_n,vh_valid_corrected_sigma0_n
S1A_IW_GRDH_1SDV_20150403T052710_20150403T052735_005315_006BAF_18BD_COG,outputs\diagnostics\design_c\c2v\scene_checkpoints\primary\S1A_IW_GRDH_1SDV_20150403T052710_20150403T052735_005315_006BAF_18BD_COG.csv.gz,True,,2015,2015-04-03,descending,168,sentinel-1a,0,True,0,True,0,0,0,0,0,0,0,0,0,0,0,0
S1A_IW_GRDH_1SDV_20150720T052637_20150720T052706_006890_0094E5_8481_COG,outputs\diagnostics\design_c\c2v\scene_checkpoints\primary\S1A_IW_GRDH_1SDV_20150720T052637_20150720T052706_006890_0094E5_8481_COG.csv.gz,True,,2015,2015-07-20,descending,168,sentinel-1a,0,True,0,True,0,0,0,0,0,0,0,0,0,0,0,0
S1A_IW_GRDH_1SDV_20150806T053448_20150806T053517_007138_009BD3_9AB9_COG,outputs\diagnostics\design_c\c2v\scene_checkpoints\primary\S1A_IW_GRDH_1SDV_20150806T053448_20150806T053517_007138_009BD3_9AB9_COG.csv.gz,True,,2015,2015-08-06,descending,66,sentinel-1a,0,True,0,True,0,0,0,0,0,0,0,0,0,0,0,0
S1A_IW_GRDH_1SDV_20150818T053449_20150818T053518_007313_00A098_4D22_COG,outputs\diagnostics\design_c\c2v\scene_checkpoints\primary\S1A_IW_GRDH_1SDV_20150818T053449_20150818T053518_007313_00A098_4D22_COG.csv.gz,True,,2015,2015-08-18,descending,66,sentinel-1a,0,True,0,True,0,0,0,0,0,0,0,0,0,0,0,0
S1A_IW_GRDH_1SDV_20150830T053449_20150830T053518_007488_00A55C_50E8_COG,outputs\diagnostics\design_c\c2v\scene_checkpoints\primary\S1A_IW_GRDH_1SDV_20150830T053449_20150830T053518_007488_00A55C_50E8_COG.csv.gz,True,,2015,2015-08-30,descending,66,sentinel-1a,0,True,0,True,0,0,0,0,0,0,0,0,0,0,0,0
S1A_IW_GRDH_1SDV_20150911T053450_20150911T053519_007663_00AA27_A71D_COG,outputs\diagnostics\design_c\c2v\scene_checkpoints\primary\S1A_IW_GRDH_1SDV_20150911T053450_20150911T053519_007663_00AA27_A71D_COG.csv.gz,True,,2015,2015-09-11,descending,66,sentinel-1a,0,True,0,True,0,0,0,0,0,0,0,0,0,0,0,0
S1A_IW_GRDH_1SDV_20150923T053450_20150923T053519_007838_00AEBF_C1A1_COG,outputs\diagnostics\design_c\c2v\scene_checkpoints\primary\S1A_IW_GRDH_1SDV_20150923T053450_20150923T053519_007838_00AEBF_C1A1_COG.csv.gz,True,,2015,2015-09-23,descending,66,sentinel-1a,0,True,0,True,0,0,0,0,0,0,0,0,0,0,0,0
S1A_IW_GRDH_1SDV_20160515T052718_20160515T052743_011265_0110E3_1A44_COG,outputs\diagnostics\design_c\c2v\scene_checkpoints\primary\S1A_IW_GRDH_1SDV_20160515T052718_20160515T052743_011265_0110E3_1A44_COG.csv.gz,True,,2016,2016-05-15,descending,168,sentinel-1a,0,True,0,True,0,0,0,0,0,0,0,0,0,0,0,0
S1A_IW_GRDH_1SDV_20160602T172305_20160602T172330_011535_0119AA_75D4_COG,outputs\diagnostics\design_c\c2v\scene_checkpoints\primary\S1A_IW_GRDH_1SDV_20160602T172305_20160602T172330_011535_0119AA_75D4_COG.csv.gz,True,,2016,2016-06-02,ascending,88,sentinel-1a,0,True,0,True,0,0,0,0,0,0,0,0,0,0,0,0
S1A_IW_GRDH_1SDV_20160614T172306_20160614T172331_011710_011F26_0FB0_COG,outputs\diagnostics\design_c\c2v\scene_checkpoints\primary\S1A_IW_GRDH_1SDV_20160614T172306_20160614T172331_011710_011F26_0FB0_COG.csv.gz,True,,2016,2016-06-14,ascending,88,sentinel-1a,0,True,0,True,0,0,0,0,0,0,0,0,0,0,0,0
S1A_IW_GRDH_1SDV_20160708T172308_20160708T172333_012060_012A5B_B97B_COG,outputs\diagnostics\design_c\c2v\scene_checkpoints\primary\S1A_IW_GRDH_1SDV_20160708T172308_20160708T172333_012060_012A5B_B97B_COG.csv.gz,True,,2016,2016-07-08,ascending,88,sentinel-1a,0,True,0,True,0,0,0,0,0,0,0,0,0,0,0,0
S1A_IW_GRDH_1SDV_20160720T172308_20160720T172333_012235_013003_368E_COG,outputs\diagnostics\design_c\c2v\scene_checkpoints\primary\S1A_IW_GRDH_1SDV_20160720T172308_20160720T172333_012235_013003_368E_COG.csv.gz,True,,2016,2016-07-20,ascending,88,sentinel-1a,0,True,0,True,0,0,0,0,0,0,0,0,0,0,0,0
S1A_IW_GRDH_1SDV_20160801T172309_20160801T172334_012410_0135D4_D960_COG,outputs\diagnostics\design_c\c2v\scene_checkpoints\primary\S1A_IW_GRDH_1SDV_20160801T172309_20160801T172334_012410_0135D4_D960_COG.csv.gz,True,,2016,2016-08-01,ascending,88,sentinel-1a,0,True,0,True,0,0,0,0,0,0,0,0,0,0,0,0
S1A_IW_GRDH_1SDV_20160813T172310_20160813T172335_012585_013B95_5BA5_COG,outputs\diagnostics\design_c\c2v\scene_checkpoints\primary\S1A_IW_GRDH_1SDV_20160813T172310_20160813T172335_012585_013B95_5BA5_COG.csv.gz,True,,2016,2016-08-13,ascending,88,sentinel-1a,0,True,0,True,0,0,0,0,0,0,0,0,0,0,0,0
S1A_IW_GRDH_1SDV_20160906T172310_20160906T172335_012935_014746_4725_COG,outputs\diagnostics\design_c\c2v\scene_checkpoints\primary\S1A_IW_GRDH_1SDV_20160906T172310_20160906T172335_012935_014746_4725_COG.csv.gz,True,,2016,2016-09-06,ascending,88,sentinel-1a,0,True,0,True,0,0,0,0,0,0,0,0,0,0,0,0
S1A_IW_GRDH_1SDV_20160918T172311_20160918T172336_013110_014CF7_4BD1_COG,outputs\diagnostics\design_c\c2v\scene_checkpoints\primary\S1A_IW_GRDH_1SDV_20160918T172311_20160918T172336_013110_014CF7_4BD1_COG.csv.gz,True,,2016,2016-09-18,ascending,88,sentinel-1a,0,True,0,True,0,0,0,0,0,0,0,0,0,0,0,0
S1A_IW_GRDH_1SDV_20160930T172311_20160930T172336_013285_01529D_E5CC_COG,outputs\diagnostics\design_c\c2v\scene_checkpoints\primary\S1A_IW_GRDH_1SDV_20160930T172311_20160930T172336_013285_01529D_E5CC_COG.csv.gz,True,,2016,2016-09-30,ascending,88,sentinel-1a,0,True,0,True,0,0,0,0,0,0,0,0,0,0,0,0
S1B_IW_GRDH_1SDV_20170403T053450_20170403T053515_004992_008BB2_4958_COG,outputs\diagnostics\design_c\c2v\scene_checkpoints\primary\S1B_IW_GRDH_1SDV_20170403T053450_20170403T053515_004992_008BB2_4958_COG.csv.gz,True,,2017,2017-04-03,descending,66,sentinel-1b,0,True,0,True,0,0,0,0,0,0,0,0,0,0,0,0
S1A_IW_GRDH_1SDV_20170410T172308_20170410T172333_016085_01A8EA_8A04_COG,outputs\diagnostics\design_c\c2v\scene_checkpoints\primary\S1A_IW_GRDH_1SDV_20170410T172308_20170410T172333_016085_01A8EA_8A04_COG.csv.gz,True,,2017,2017-04-10,ascending,88,sentinel-1a,0,True,0,True,0,0,0,0,0,0,0,0,0,0,0,0
S1B_IW_GRDH_1SDV_20170415T053451_20170415T053516_005167_0090B0_66A4_COG,outputs\diagnostics\design_c\c2v\scene_checkpoints\primary\S1B_IW_GRDH_1SDV_20170415T053451_20170415T053516_005167_0090B0_66A4_COG.csv.gz,True,,2017,2017-04-15,descending,66,sentinel-1b,0,True,0,True,0,0,0,0,0,0,0,0,0,0,0,0
S1A_IW_GRDH_1SDV_20170422T172309_20170422T172334_016260_01AE45_5A07_COG,outputs\diagnostics\design_c\c2v\scene_checkpoints\primary\S1A_IW_GRDH_1SDV_20170422T172309_20170422T172334_016260_01AE45_5A07_COG.csv.gz,True,,2017,2017-04-22,ascending,88,sentinel-1a,0,True,0,True,0,0,0,0,0,0,0,0,0,0,0,0
S1B_IW_GRDH_1SDV_20170427T053451_20170427T053516_005342_0095D4_A3D6_COG,outputs\diagnostics\design_c\c2v\scene_checkpoints\primary\S1B_IW_GRDH_1SDV_20170427T053451_20170427T053516_005342_0095D4_A3D6_COG.csv.gz,True,,2017,2017-04-27,descending,66,sentinel-1b,0,True,0,True,0,0,0,0,0,0,0,0,0,0,0,0
S1A_IW_GRDH_1SDV_20170504T172310_20170504T172335_016435_01B38C_2B43_COG,outputs\diagnostics\design_c\c2v\scene_checkpoints\primary\S1A_IW_GRDH_1SDV_20170504T172310_20170504T172335_016435_01B38C_2B43_COG.csv.gz,True,,2017,2017-05-04,ascending,88,sentinel-1a,0,True,0,True,0,0,0,0,0,0,0,0,0,0,0,0
S1A_IW_GRDH_1SDV_20170516T172310_20170516T172335_016610_01B8E6_54C7_COG,outputs\diagnostics\design_c\c2v\scene_checkpoints\primary\S1A_IW_GRDH_1SDV_20170516T172310_20170516T172335_016610_01B8E6_54C7_COG.csv.gz,True,,2017,2017-05-16,ascending,88,sentinel-1a,0,True,0,True,0,0,0,0,0,0,0,0,0,0,0,0
S1A_IW_GRDH_1SDV_20170523T171422_20170523T171447_016712_01BC02_B420_COG,outputs\diagnostics\design_c\c2v\scene_checkpoints\primary\S1A_IW_GRDH_1SDV_20170523T171422_20170523T171447_016712_01BC02_B420_COG.csv.gz,True,,2017,2017-05-23,ascending,15,sentinel-1a,0,True,0,True,0,0,0,0,0,0,0,0,0,0,0,0
S1A_IW_GRDH_1SDV_20170528T172311_20170528T172336_016785_01BE48_4B69_COG,outputs\diagnostics\design_c\c2v\scene_checkpoints\primary\S1A_IW_GRDH_1SDV_20170528T172311_20170528T172336_016785_01BE48_4B69_COG.csv.gz,True,,2017,2017-05-28,ascending,88,sentinel-1a,0,True,0,True,0,0,0,0,0,0,0,0,0,0,0,0
S1A_IW_GRDH_1SDV_20170604T171423_20170604T171448_016887_01C16E_6974_COG,outputs\diagnostics\design_c\c2v\scene_checkpoints\primary\S1A_IW_GRDH_1SDV_20170604T171423_20170604T171448_016887_01C16E_6974_COG.csv.gz,True,,2017,2017-06-04,ascending,15,sentinel-1a,0,True,0,True,0,0,0,0,0,0,0,0,0,0,0,0
S1A_IW_GRDH_1SDV_20170609T172312_20170609T172337_016960_01C3B4_9244_COG,outputs\diagnostics\design_c\c2v\scene_checkpoints\primary\S1A_IW_GRDH_1SDV_20170609T172312_20170609T172337_016960_01C3B4_9244_COG.csv.gz,True,,2017,2017-06-09,ascending,88,sentinel-1a,0,True,0,True,0,0,0,0,0,0,0,0,0,0,0,0
S1A_IW_GRDH_1SDV_20170616T171424_20170616T171449_017062_01C6D3_A910_COG,outputs\diagnostics\design_c\c2v\scene_checkpoints\primary\S1A_IW_GRDH_1SDV_20170616T171424_20170616T171449_017062_01C6D3_A910_COG.csv.gz,True,,2017,2017-06-16,ascending,15,sentinel-1a,0,True,0,True,0,0,0,0,0,0,0,0,0,0,0,0
S1A_IW_GRDH_1SDV_20170628T171425_20170628T171450_017237_01CC21_A383_COG,outputs\diagnostics\design_c\c2v\scene_checkpoints\primary\S1A_IW_GRDH_1SDV_20170628T171425_20170628T171450_017237_01CC21_A383_COG.csv.gz,True,,2017,2017-06-28,ascending,15,sentinel-1a,0,True,0,True,0,0,0,0,0,0,0,0,0,0,0,0
S1A_IW_GRDH_1SDV_20170703T172313_20170703T172338_017310_01CE63_BE8B_COG,outputs\diagnostics\design_c\c2v\scene_checkpoints\primary\S1A_IW_GRDH_1SDV_20170703T172313_20170703T172338_017310_01CE63_BE8B_COG.csv.gz,True,,2017,2017-07-03,ascending,88,sentinel-1a,0,True,0,True,0,0,0,0,0,0,0,0,0,0,0,0
S1A_IW_GRDH_1SDV_20170710T171425_20170710T171450_017412_01D169_8174_COG,outputs\diagnostics\design_c\c2v\scene_checkpoints\primary\S1A_IW_GRDH_1SDV_20170710T171425_20170710T171450_017412_01D169_8174_COG.csv.gz,True,,2017,2017-07-10,ascending,15,sentinel-1a,0,True,0,True,0,0,0,0,0,0,0,0,0,0,0,0
S1A_IW_GRDH_1SDV_20170715T172314_20170715T172339_017485_01D3AA_513D_COG,outputs\diagnostics\design_c\c2v\scene_checkpoints\primary\S1A_IW_GRDH_1SDV_20170715T172314_20170715T172339_017485_01D3AA_513D_COG.csv.gz,True,,2017,2017-07-15,ascending,88,sentinel-1a,0,True,0,True,0,0,0,0,0,0,0,0,0,0,0,0
S1A_IW_GRDH_1SDV_20170722T171426_20170722T171451_017587_01D6BC_62A4_COG,outputs\diagnostics\design_c\c2v\scene_checkpoints\primary\S1A_IW_GRDH_1SDV_20170722T171426_20170722T171451_017587_01D6BC_62A4_COG.csv.gz,True,,2017,2017-07-22,ascending,15,sentinel-1a,0,True,0,True,0,0,0,0,0,0,0,0,0,0,0,0
S1A_IW_GRDH_1SDV_20170727T172314_20170727T172339_017660_01D903_9CA5_COG,outputs\diagnostics\design_c\c2v\scene_checkpoints\primary\S1A_IW_GRDH_1SDV_20170727T172314_20170727T172339_017660_01D903_9CA5_COG.csv.gz,True,,2017,2017-07-27,ascending,88,sentinel-1a,0,True,0,True,0,0,0,0,0,0,0,0,0,0,0,0
S1A_IW_GRDH_1SDV_20170803T171427_20170803T171452_017762_01DC14_7495_COG,outputs\diagnostics\design_c\c2v\scene_checkpoints\primary\S1A_IW_GRDH_1SDV_20170803T171427_20170803T171452_017762_01DC14_7495_COG.csv.gz,True,,2017,2017-08-03,ascending,15,sentinel-1a,0,True,0,True,0,0,0,0,0,0,0,0,0,0,0,0
S1A_IW_GRDH_1SDV_20170808T172315_20170808T172340_017835_01DE5F_5D03_COG,outputs\diagnostics\design_c\c2v\scene_checkpoints\primary\S1A_IW_GRDH_1SDV_20170808T172315_20170808T172340_017835_01DE5F_5D03_COG.csv.gz,True,,2017,2017-08-08,ascending,88,sentinel-1a,0,True,0,True,0,0,0,0,0,0,0,0,0,0,0,0
S1A_IW_GRDH_1SDV_20170815T171427_20170815T171452_017937_01E169_6C8B_COG,outputs\diagnostics\design_c\c2v\scene_checkpoints\primary\S1A_IW_GRDH_1SDV_20170815T171427_20170815T171452_017937_01E169_6C8B_COG.csv.gz,True,,2017,2017-08-15,ascending,15,sentinel-1a,0,True,0,True,0,0,0,0,0,0,0,0,0,0,0,0
S1A_IW_GRDH_1SDV_20170820T172316_20170820T172341_018010_01E3AA_3FDA_COG,outputs\diagnostics\design_c\c2v\scene_checkpoints\primary\S1A_IW_GRDH_1SDV_20170820T172316_20170820T172341_018010_01E3AA_3FDA_COG.csv.gz,True,,2017,2017-08-20,ascending,88,sentinel-1a,0,True,0,True,0,0,0,0,0,0,0,0,0,0,0,0
S1A_IW_GRDH_1SDV_20170827T171428_20170827T171453_018112_01E6B4_D554_COG,outputs\diagnostics\design_c\c2v\scene_checkpoints\primary\S1A_IW_GRDH_1SDV_20170827T171428_20170827T171453_018112_01E6B4_D554_COG.csv.gz,True,,2017,2017-08-27,ascending,15,sentinel-1a,0,True,0,True,0,0,0,0,0,0,0,0,0,0,0,0
S1A_IW_GRDH_1SDV_20170901T172316_20170901T172341_018185_01E8EE_3872_COG,outputs\diagnostics\design_c\c2v\scene_checkpoints\primary\S1A_IW_GRDH_1SDV_20170901T172316_20170901T172341_018185_01E8EE_3872_COG.csv.gz,True,,2017,2017-09-01,ascending,88,sentinel-1a,0,True,0,True,0,0,0,0,0,0,0,0,0,0,0,0
S1A_IW_GRDH_1SDV_20170908T171428_20170908T171453_018287_01EC0B_17D6_COG,outputs\diagnostics\design_c\c2v\scene_checkpoints\primary\S1A_IW_GRDH_1SDV_20170908T171428_20170908T171453_018287_01EC0B_17D6_COG.csv.gz,True,,2017,2017-09-08,ascending,15,sentinel-1a,0,True,0,True,0,0,0,0,0,0,0,0,0,0,0,0
S1A_IW_GRDH_1SDV_20170913T172316_20170913T172341_018360_01EE65_BA31_COG,outputs\diagnostics\design_c\c2v\scene_checkpoints\primary\S1A_IW_GRDH_1SDV_20170913T172316_20170913T172341_018360_01EE65_BA31_COG.csv.gz,True,,2017,2017-09-13,ascending,88,sentinel-1a,0,True,0,True,0,0,0,0,0,0,0,0,0,0,0,0
S1A_IW_GRDH_1SDV_20170920T171429_20170920T171454_018462_01F16D_8152_COG,outputs\diagnostics\design_c\c2v\scene_checkpoints\primary\S1A_IW_GRDH_1SDV_20170920T171429_20170920T171454_018462_01F16D_8152_COG.csv.gz,True,,2017,2017-09-20,ascending,15,sentinel-1a,0,True,0,True,0,0,0,0,0,0,0,0,0,0,0,0
S1A_IW_GRDH_1SDV_20170925T172317_20170925T172342_018535_01F3C8_1AEB_COG,outputs\diagnostics\design_c\c2v\scene_checkpoints\primary\S1A_IW_GRDH_1SDV_20170925T172317_20170925T172342_018535_01F3C8_1AEB_COG.csv.gz,True,,2017,2017-09-25,ascending,88,sentinel-1a,0,True,0,True,0,0,0,0,0,0,0,0,0,0,0,0
S1A_IW_GRDH_1SDV_20180405T172314_20180405T172339_021335_024B73_8FE1_COG,outputs\diagnostics\design_c\c2v\scene_checkpoints\primary\S1A_IW_GRDH_1SDV_20180405T172314_20180405T172339_021335_024B73_8FE1_COG.csv.gz,True,,2018,2018-04-05,ascending,88,sentinel-1a,0,True,0,True,0,0,0,0,0,0,0,0,0,0,0,0
S1B_IW_GRDH_1SDV_20180410T053457_20180410T053522_010417_012F98_80DB_COG,outputs\diagnostics\design_c\c2v\scene_checkpoints\primary\S1B_IW_GRDH_1SDV_20180410T053457_20180410T053522_010417_012F98_80DB_COG.csv.gz,True,,2018,2018-04-10,descending,66,sentinel-1b,0,True,0,True,0,0,0,0,0,0,0,0,0,0,0,0
S1A_IW_GRDH_1SDV_20180417T172315_20180417T172340_021510_0250F2_F48E_COG,outputs\diagnostics\design_c\c2v\scene_checkpoints\primary\S1A_IW_GRDH_1SDV_20180417T172315_20180417T172340_021510_0250F2_F48E_COG.csv.gz,True,,2018,2018-04-17,ascending,88,sentinel-1a,0,True,0,True,0,0,0,0,0,0,0,0,0,0,0,0
S1B_IW_GRDH_1SDV_20180422T053458_20180422T053523_010592_01352D_21B4_COG,outputs\diagnostics\design_c\c2v\scene_checkpoints\primary\S1B_IW_GRDH_1SDV_20180422T053458_20180422T053523_010592_01352D_21B4_COG.csv.gz,True,,2018,2018-04-22,descending,66,sentinel-1b,0,True,0,True,0,0,0,0,0,0,0,0,0,0,0,0
S1A_IW_GRDH_1SDV_20180429T172316_20180429T172341_021685_02566A_CDFB_COG,outputs\diagnostics\design_c\c2v\scene_checkpoints\primary\S1A_IW_GRDH_1SDV_20180429T172316_20180429T172341_021685_02566A_CDFB_COG.csv.gz,True,,2018,2018-04-29,ascending,88,sentinel-1a,0,True,0,True,0,0,0,0,0,0,0,0,0,0,0,0
S1B_IW_GRDH_1SDV_20180504T053458_20180504T053523_010767_013AD2_D678_COG,outputs\diagnostics\design_c\c2v\scene_checkpoints\primary\S1B_IW_GRDH_1SDV_20180504T053458_20180504T053523_010767_013AD2_D678_COG.csv.gz,True,,2018,2018-05-04,descending,66,sentinel-1b,0,True,0,True,0,0,0,0,0,0,0,0,0,0,0,0
S1A_IW_GRDH_1SDV_20180511T172316_20180511T172341_021860_025BFF_46EF_COG,outputs\diagnostics\design_c\c2v\scene_checkpoints\primary\S1A_IW_GRDH_1SDV_20180511T172316_20180511T172341_021860_025BFF_46EF_COG.csv.gz,True,,2018,2018-05-11,ascending,88,sentinel-1a,0,True,0,True,0,0,0,0,0,0,0,0,0,0,0,0
S1A_IW_GRDH_1SDV_20180523T172317_20180523T172342_022035_02618D_8305_COG,outputs\diagnostics\design_c\c2v\scene_checkpoints\primary\S1A_IW_GRDH_1SDV_20180523T172317_20180523T172342_022035_02618D_8305_COG.csv.gz,True,,2018,2018-05-23,ascending,88,sentinel-1a,0,True,0,True,0,0,0,0,0,0,0,0,0,0,0,0
S1A_IW_GRDH_1SDV_20180604T172317_20180604T172342_022210_026718_C1DF_COG,outputs\diagnostics\design_c\c2v\scene_checkpoints\primary\S1A_IW_GRDH_1SDV_20180604T172317_20180604T172342_022210_026718_C1DF_COG.csv.gz,True,,2018,2018-06-04,ascending,88,sentinel-1a,0,True,0,True,0,0,0,0,0,0,0,0,0,0,0,0
S1A_IW_GRDH_1SDV_20180616T172318_20180616T172343_022385_026C7D_F327_COG,outputs\diagnostics\design_c\c2v\scene_checkpoints\primary\S1A_IW_GRDH_1SDV_20180616T172318_20180616T172343_022385_026C7D_F327_COG.csv.gz,True,,2018,2018-06-16,ascending,88,sentinel-1a,0,True,0,True,0,0,0,0,0,0,0,0,0,0,0,0
S1A_IW_GRDH_1SDV_20180628T172319_20180628T172344_022560_02719A_E991_COG,outputs\diagnostics\design_c\c2v\scene_checkpoints\primary\S1A_IW_GRDH_1SDV_20180628T172319_20180628T172344_022560_02719A_E991_COG.csv.gz,True,,2018,2018-06-28,ascending,88,sentinel-1a,0,True,0,True,0,0,0,0,0,0,0,0,0,0,0,0
S1A_IW_GRDH_1SDV_20180710T172320_20180710T172345_022735_0276C4_788E_COG,outputs\diagnostics\design_c\c2v\scene_checkpoints\primary\S1A_IW_GRDH_1SDV_20180710T172320_20180710T172345_022735_0276C4_788E_COG.csv.gz,True,,2018,2018-07-10,ascending,88,sentinel-1a,0,True,0,True,0,0,0,0,0,0,0,0,0,0,0,0
S1A_IW_GRDH_1SDV_20180722T172320_20180722T172345_022910_027C34_7AE6_COG,outputs\diagnostics\design_c\c2v\scene_checkpoints\primary\S1A_IW_GRDH_1SDV_20180722T172320_20180722T172345_022910_027C34_7AE6_COG.csv.gz,True,,2018,2018-07-22,ascending,88,sentinel-1a,0,True,0,True,0,0,0,0,0,0,0,0,0,0,0,0
S1A_IW_GRDH_1SDV_20180803T172321_20180803T172346_023085_0281B1_7046_COG,outputs\diagnostics\design_c\c2v\scene_checkpoints\primary\S1A_IW_GRDH_1SDV_20180803T172321_20180803T172346_023085_0281B1_7046_COG.csv.gz,True,,2018,2018-08-03,ascending,88,sentinel-1a,0,True,0,True,0,0,0,0,0,0,0,0,0,0,0,0
S1A_IW_GRDH_1SDV_20180803T172321_20180803T172346_023085_0281B1_9614_COG,outputs\diagnostics\design_c\c2v\scene_checkpoints\primary\S1A_IW_GRDH_1SDV_20180803T172321_20180803T172346_023085_0281B1_9614_COG.csv.gz,True,,2018,2018-08-03,ascending,88,sentinel-1a,0,True,0,True,0,0,0,0,0,0,0,0,0,0,0,0
S1B_IW_GRDH_1SDV_20180808T053425_20180808T053450_012167_01668A_407C_COG,outputs\diagnostics\design_c\c2v\scene_checkpoints\primary\S1B_IW_GRDH_1SDV_20180808T053425_20180808T053450_012167_01668A_407C_COG.csv.gz,True,,2018,2018-08-08,descending,66,sentinel-1b,0,True,0,True,0,0,0,0,0,0,0,0,0,0,0,0
S1A_IW_GRDH_1SDV_20180814T053510_20180814T053535_023238_02869A_8A46_COG,outputs\diagnostics\design_c\c2v\scene_checkpoints\primary\S1A_IW_GRDH_1SDV_20180814T053510_20180814T053535_023238_02869A_8A46_COG.csv.gz,True,,2018,2018-08-14,descending,66,sentinel-1a,0,True,0,True,0,0,0,0,0,0,0,0,0,0,0,0
S1A_IW_GRDH_1SDV_20180815T172322_20180815T172347_023260_028751_0A67_COG,outputs\diagnostics\design_c\c2v\scene_checkpoints\primary\S1A_IW_GRDH_1SDV_20180815T172322_20180815T172347_023260_028751_0A67_COG.csv.gz,True,,2018,2018-08-15,ascending,88,sentinel-1a,0,True,0,True,0,0,0,0,0,0,0,0,0,0,0,0
S1A_IW_GRDH_1SDV_20180815T172322_20180815T172347_023260_028751_D627_COG,outputs\diagnostics\design_c\c2v\scene_checkpoints\primary\S1A_IW_GRDH_1SDV_20180815T172322_20180815T172347_023260_028751_D627_COG.csv.gz,True,,2018,2018-08-15,ascending,88,sentinel-1a,0,True,0,True,0,0,0,0,0,0,0,0,0,0,0,0
S1A_IW_GRDH_1SDV_20180826T053510_20180826T053535_023413_028C38_06C0_COG,outputs\diagnostics\design_c\c2v\scene_checkpoints\primary\S1A_IW_GRDH_1SDV_20180826T053510_20180826T053535_023413_028C38_06C0_COG.csv.gz,True,,2018,2018-08-26,descending,66,sentinel-1a,0,True,0,True,0,0,0,0,0,0,0,0,0,0,0,0
S1A_IW_GRDH_1SDV_20180827T172323_20180827T172348_023435_028CF1_2FF4_COG,outputs\diagnostics\design_c\c2v\scene_checkpoints\primary\S1A_IW_GRDH_1SDV_20180827T172323_20180827T172348_023435_028CF1_2FF4_COG.csv.gz,True,,2018,2018-08-27,ascending,88,sentinel-1a,0,True,0,True,0,0,0,0,0,0,0,0,0,0,0,0
S1A_IW_GRDH_1SDV_20180827T172323_20180827T172348_023435_028CF1_C710_COG,outputs\diagnostics\design_c\c2v\scene_checkpoints\primary\S1A_IW_GRDH_1SDV_20180827T172323_20180827T172348_023435_028CF1_C710_COG.csv.gz,True,,2018,2018-08-27,ascending,88,sentinel-1a,0,True,0,True,0,0,0,0,0,0,0,0,0,0,0,0
S1A_IW_GRDH_1SDV_20180907T053510_20180907T053535_023588_0291CF_D966_COG,outputs\diagnostics\design_c\c2v\scene_checkpoints\primary\S1A_IW_GRDH_1SDV_20180907T053510_20180907T053535_023588_0291CF_D966_COG.csv.gz,True,,2018,2018-09-07,descending,66,sentinel-1a,0,True,0,True,0,0,0,0,0,0,0,0,0,0,0,0
S1A_IW_GRDH_1SDV_20180908T172323_20180908T172348_023610_02928B_27E0_COG,outputs\diagnostics\design_c\c2v\scene_checkpoints\primary\S1A_IW_GRDH_1SDV_20180908T172323_20180908T172348_023610_02928B_27E0_COG.csv.gz,True,,2018,2018-09-08,ascending,88,sentinel-1a,0,True,0,True,0,0,0,0,0,0,0,0,0,0,0,0
S1A_IW_GRDH_1SDV_20180908T172323_20180908T172348_023610_02928B_6025_COG,outputs\diagnostics\design_c\c2v\scene_checkpoints\primary\S1A_IW_GRDH_1SDV_20180908T172323_20180908T172348_023610_02928B_6025_COG.csv.gz,True,,2018,2018-09-08,ascending,88,sentinel-1a,0,True,0,True,0,0,0,0,0,0,0,0,0,0,0,0
S1A_IW_GRDH_1SDV_20180919T053510_20180919T053535_023763_029771_0A42_COG,outputs\diagnostics\design_c\c2v\scene_checkpoints\primary\S1A_IW_GRDH_1SDV_20180919T053510_20180919T053535_023763_029771_0A42_COG.csv.gz,True,,2018,2018-09-19,descending,66,sentinel-1a,0,True,0,True,0,0,0,0,0,0,0,0,0,0,0,0
S1A_IW_GRDH_1SDV_20180920T172323_20180920T172348_023785_029829_9494_COG,outputs\diagnostics\design_c\c2v\scene_checkpoints\primary\S1A_IW_GRDH_1SDV_20180920T172323_20180920T172348_023785_029829_9494_COG.csv.gz,True,,2018,2018-09-20,ascending,88,sentinel-1a,0,True,0,True,0,0,0,0,0,0,0,0,0,0,0,0
S1A_IW_GRDH_1SDV_20180920T172323_20180920T172348_023785_029829_A013_COG,outputs\diagnostics\design_c\c2v\scene_checkpoints\primary\S1A_IW_GRDH_1SDV_20180920T172323_20180920T172348_023785_029829_A013_COG.csv.gz,True,,2018,2018-09-20,ascending,88,sentinel-1a,0,True,0,True,0,0,0,0,0,0,0,0,0,0,0,0
S1B_IW_GRDH_1SDV_20190405T053504_20190405T053529_015667_01D631_3B5F_COG,outputs\diagnostics\design_c\c2v\scene_checkpoints\primary\S1B_IW_GRDH_1SDV_20190405T053504_20190405T053529_015667_01D631_3B5F_COG.csv.gz,True,,2019,2019-04-05,descending,66,sentinel-1b,0,True,0,True,0,0,0,0,0,0,0,0,0,0,0,0
S1B_IW_GRDH_1SDV_20190405T053504_20190405T053529_015667_01D631_9F91_COG,outputs\diagnostics\design_c\c2v\scene_checkpoints\primary\S1B_IW_GRDH_1SDV_20190405T053504_20190405T053529_015667_01D631_9F91_COG.csv.gz,True,,2019,2019-04-05,descending,66,sentinel-1b,0,True,0,True,0,0,0,0,0,0,0,0,0,0,0,0
S1A_IW_GRDH_1SDV_20190411T053545_20190411T053610_026738_0300AB_7F4C_COG,outputs\diagnostics\design_c\c2v\scene_checkpoints\primary\S1A_IW_GRDH_1SDV_20190411T053545_20190411T053610_026738_0300AB_7F4C_COG.csv.gz,True,,2019,2019-04-11,descending,66,sentinel-1a,0,True,0,True,0,0,0,0,0,0,0,0,0,0,0,0
S1A_IW_GRDH_1SDV_20190412T172321_20190412T172346_026760_030177_2A8B_COG,outputs\diagnostics\design_c\c2v\scene_checkpoints\primary\S1A_IW_GRDH_1SDV_20190412T172321_20190412T172346_026760_030177_2A8B_COG.csv.gz,True,,2019,2019-04-12,ascending,88,sentinel-1a,0,True,0,True,0,0,0,0,0,0,0,0,0,0,0,0
S1A_IW_GRDH_1SDV_20190412T172321_20190412T172346_026760_030177_C2EC_COG,outputs\diagnostics\design_c\c2v\scene_checkpoints\primary\S1A_IW_GRDH_1SDV_20190412T172321_20190412T172346_026760_030177_C2EC_COG.csv.gz,True,,2019,2019-04-12,ascending,88,sentinel-1a,0,True,0,True,0,0,0,0,0,0,0,0,0,0,0,0
S1B_IW_GRDH_1SDV_20190417T053504_20190417T053529_015842_01DC01_23AE_COG,outputs\diagnostics\design_c\c2v\scene_checkpoints\primary\S1B_IW_GRDH_1SDV_20190417T053504_20190417T053529_015842_01DC01_23AE_COG.csv.gz,True,,2019,2019-04-17,descending,66,sentinel-1b,0,True,0,True,0,0,0,0,0,0,0,0,0,0,0,0
S1B_IW_GRDH_1SDV_20190417T053504_20190417T053529_015842_01DC01_B61B_COG,outputs\diagnostics\design_c\c2v\scene_checkpoints\primary\S1B_IW_GRDH_1SDV_20190417T053504_20190417T053529_015842_01DC01_B61B_COG.csv.gz,True,,2019,2019-04-17,descending,66,sentinel-1b,0,True,0,True,0,0,0,0,0,0,0,0,0,0,0,0
S1A_IW_GRDH_1SDV_20190423T053545_20190423T053610_026913_030702_2144_COG,outputs\diagnostics\design_c\c2v\scene_checkpoints\primary\S1A_IW_GRDH_1SDV_20190423T053545_20190423T053610_026913_030702_2144_COG.csv.gz,True,,2019,2019-04-23,descending,66,sentinel-1a,0,True,0,True,0,0,0,0,0,0,0,0,0,0,0,0
S1A_IW_GRDH_1SDV_20190424T172322_20190424T172347_026935_0307CD_727B_COG,outputs\diagnostics\design_c\c2v\scene_checkpoints\primary\S1A_IW_GRDH_1SDV_20190424T172322_20190424T172347_026935_0307CD_727B_COG.csv.gz,True,,2019,2019-04-24,ascending,88,sentinel-1a,0,True,0,True,0,0,0,0,0,0,0,0,0,0,0,0
S1A_IW_GRDH_1SDV_20190424T172322_20190424T172347_026935_0307CD_D508_COG,outputs\diagnostics\design_c\c2v\scene_checkpoints\primary\S1A_IW_GRDH_1SDV_20190424T172322_20190424T172347_026935_0307CD_D508_COG.csv.gz,True,,2019,2019-04-24,ascending,88,sentinel-1a,0,True,0,True,0,0,0,0,0,0,0,0,0,0,0,0
S1B_IW_GRDH_1SDV_20190429T053505_20190429T053530_016017_01E1D1_58A3_COG,outputs\diagnostics\design_c\c2v\scene_checkpoints\primary\S1B_IW_GRDH_1SDV_20190429T053505_20190429T053530_016017_01E1D1_58A3_COG.csv.gz,True,,2019,2019-04-29,descending,66,sentinel-1b,0,True,0,True,0,0,0,0,0,0,0,0,0,0,0,0
S1B_IW_GRDH_1SDV_20190429T053505_20190429T053530_016017_01E1D1_6402_COG,outputs\diagnostics\design_c\c2v\scene_checkpoints\primary\S1B_IW_GRDH_1SDV_20190429T053505_20190429T053530_016017_01E1D1_6402_COG.csv.gz,True,,2019,2019-04-29,descending,66,sentinel-1b,0,True,0,True,0,0,0,0,0,0,0,0,0,0,0,0
S1A_IW_GRDH_1SDV_20190505T053545_20190505T053610_027088_030D62_1578_COG,outputs\diagnostics\design_c\c2v\scene_checkpoints\primary\S1A_IW_GRDH_1SDV_20190505T053545_20190505T053610_027088_030D62_1578_COG.csv.gz,True,,2019,2019-05-05,descending,66,sentinel-1a,0,True,0,True,0,0,0,0,0,0,0,0,0,0,0,0
S1A_IW_GRDH_1SDV_20190506T172322_20190506T172347_027110_030E30_0A4E_COG,outputs\diagnostics\design_c\c2v\scene_checkpoints\primary\S1A_IW_GRDH_1SDV_20190506T172322_20190506T172347_027110_030E30_0A4E_COG.csv.gz,True,,2019,2019-05-06,ascending,88,sentinel-1a,0,True,0,True,0,0,0,0,0,0,0,0,0,0,0,0
S1A_IW_GRDH_1SDV_20190506T172322_20190506T172347_027110_030E30_2381_COG,outputs\diagnostics\design_c\c2v\scene_checkpoints\primary\S1A_IW_GRDH_1SDV_20190506T172322_20190506T172347_027110_030E30_2381_COG.csv.gz,True,,2019,2019-05-06,ascending,88,sentinel-1a,0,True,0,True,0,0,0,0,0,0,0,0,0,0,0,0
S1B_IW_GRDH_1SDV_20190511T053505_20190511T053530_016192_01E786_4692_COG,outputs\diagnostics\design_c\c2v\scene_checkpoints\primary\S1B_IW_GRDH_1SDV_20190511T053505_20190511T053530_016192_01E786_4692_COG.csv.gz,True,,2019,2019-05-11,descending,66,sentinel-1b,0,True,0,True,0,0,0,0,0,0,0,0,0,0,0,0
S1B_IW_GRDH_1SDV_20190511T053505_20190511T053530_016192_01E786_EB45_COG,outputs\diagnostics\design_c\c2v\scene_checkpoints\primary\S1B_IW_GRDH_1SDV_20190511T053505_20190511T053530_016192_01E786_EB45_COG.csv.gz,True,,2019,2019-05-11,descending,66,sentinel-1b,0,True,0,True,0,0,0,0,0,0,0,0,0,0,0,0
S1A_IW_GRDH_1SDV_20190518T172323_20190518T172348_027285_0313A8_1C26_COG,outputs\diagnostics\design_c\c2v\scene_checkpoints\primary\S1A_IW_GRDH_1SDV_20190518T172323_20190518T172348_027285_0313A8_1C26_COG.csv.gz,True,,2019,2019-05-18,ascending,88,sentinel-1a,0,True,0,True,0,0,0,0,0,0,0,0,0,0,0,0
S1A_IW_GRDH_1SDV_20190518T172323_20190518T172348_027285_0313A8_5620_COG,outputs\diagnostics\design_c\c2v\scene_checkpoints\primary\S1A_IW_GRDH_1SDV_20190518T172323_20190518T172348_027285_0313A8_5620_COG.csv.gz,True,,2019,2019-05-18,ascending,88,sentinel-1a,0,True,0,True,0,0,0,0,0,0,0,0,0,0,0,0
S1B_IW_GRDH_1SDV_20190523T053506_20190523T053531_016367_01ECEF_6D64_COG,outputs\diagnostics\design_c\c2v\scene_checkpoints\primary\S1B_IW_GRDH_1SDV_20190523T053506_20190523T053531_016367_01ECEF_6D64_COG.csv.gz,True,,2019,2019-05-23,descending,66,sentinel-1b,0,True,0,True,0,0,0,0,0,0,0,0,0,0,0,0
S1B_IW_GRDH_1SDV_20190523T053506_20190523T053531_016367_01ECEF_9566_COG,outputs\diagnostics\design_c\c2v\scene_checkpoints\primary\S1B_IW_GRDH_1SDV_20190523T053506_20190523T053531_016367_01ECEF_9566_COG.csv.gz,True,,2019,2019-05-23,descending,66,sentinel-1b,0,True,0,True,0,0,0,0,0,0,0,0,0,0,0,0
S1A_IW_GRDH_1SDV_20190524T052703_20190524T052728_027365_03162B_C259_COG,outputs\diagnostics\design_c\c2v\scene_checkpoints\primary\S1A_IW_GRDH_1SDV_20190524T052703_20190524T052728_027365_03162B_C259_COG.csv.gz,True,,2019,2019-05-24,descending,168,sentinel-1a,0,True,0,True,0,0,0,0,0,0,0,0,0,0,0,0
S1A_IW_GRDH_1SDV_20190530T172323_20190530T172348_027460_03191D_8714_COG,outputs\diagnostics\design_c\c2v\scene_checkpoints\primary\S1A_IW_GRDH_1SDV_20190530T172323_20190530T172348_027460_03191D_8714_COG.csv.gz,True,,2019,2019-05-30,ascending,88,sentinel-1a,0,True,0,True,0,0,0,0,0,0,0,0,0,0,0,0
S1A_IW_GRDH_1SDV_20190530T172323_20190530T172348_027460_03191D_D756_COG,outputs\diagnostics\design_c\c2v\scene_checkpoints\primary\S1A_IW_GRDH_1SDV_20190530T172323_20190530T172348_027460_03191D_D756_COG.csv.gz,True,,2019,2019-05-30,ascending,88,sentinel-1a,0,True,0,True,0,0,0,0,0,0,0,0,0,0,0,0
S1B_IW_GRDH_1SDV_20190530T052620_20190530T052645_016469_01F003_565C_COG,outputs\diagnostics\design_c\c2v\scene_checkpoints\primary\S1B_IW_GRDH_1SDV_20190530T052620_20190530T052645_016469_01F003_565C_COG.csv.gz,True,,2019,2019-05-30,descending,168,sentinel-1b,0,True,0,True,0,0,0,0,0,0,0,0,0,0,0,0
S1B_IW_GRDH_1SDV_20190604T053506_20190604T053531_016542_01F23F_85D9_COG,outputs\diagnostics\design_c\c2v\scene_checkpoints\primary\S1B_IW_GRDH_1SDV_20190604T053506_20190604T053531_016542_01F23F_85D9_COG.csv.gz,True,,2019,2019-06-04,descending,66,sentinel-1b,0,True,0,True,0,0,0,0,0,0,0,0,0,0,0,0
S1B_IW_GRDH_1SDV_20190604T053506_20190604T053531_016542_01F23F_C05E_COG,outputs\diagnostics\design_c\c2v\scene_checkpoints\primary\S1B_IW_GRDH_1SDV_20190604T053506_20190604T053531_016542_01F23F_C05E_COG.csv.gz,True,,2019,2019-06-04,descending,66,sentinel-1b,0,True,0,True,0,0,0,0,0,0,0,0,0,0,0,0
S1A_IW_GRDH_1SDV_20190605T052701_20190605T052726_027540_031B94_31F7_COG,outputs\diagnostics\design_c\c2v\scene_checkpoints\primary\S1A_IW_GRDH_1SDV_20190605T052701_20190605T052726_027540_031B94_31F7_COG.csv.gz,True,,2019,2019-06-05,descending,168,sentinel-1a,0,True,0,True,0,0,0,0,0,0,0,0,0,0,0,0
S1A_IW_GRDH_1SDV_20190611T172324_20190611T172349_027635_031E78_293F_COG,outputs\diagnostics\design_c\c2v\scene_checkpoints\primary\S1A_IW_GRDH_1SDV_20190611T172324_20190611T172349_027635_031E78_293F_COG.csv.gz,True,,2019,2019-06-11,ascending,88,sentinel-1a,0,True,0,True,0,0,0,0,0,0,0,0,0,0,0,0
S1A_IW_GRDH_1SDV_20190611T172324_20190611T172349_027635_031E78_74BA_COG,outputs\diagnostics\design_c\c2v\scene_checkpoints\primary\S1A_IW_GRDH_1SDV_20190611T172324_20190611T172349_027635_031E78_74BA_COG.csv.gz,True,,2019,2019-06-11,ascending,88,sentinel-1a,0,True,0,True,0,0,0,0,0,0,0,0,0,0,0,0
S1B_IW_GRDH_1SDV_20190616T053507_20190616T053532_016717_01F76E_CB0A_COG,outputs\diagnostics\design_c\c2v\scene_checkpoints\primary\S1B_IW_GRDH_1SDV_20190616T053507_20190616T053532_016717_01F76E_CB0A_COG.csv.gz,True,,2019,2019-06-16,descending,66,sentinel-1b,0,True,0,True,0,0,0,0,0,0,0,0,0,0,0,0
S1B_IW_GRDH_1SDV_20190616T053507_20190616T053532_016717_01F76E_EE43_COG,outputs\diagnostics\design_c\c2v\scene_checkpoints\primary\S1B_IW_GRDH_1SDV_20190616T053507_20190616T053532_016717_01F76E_EE43_COG.csv.gz,True,,2019,2019-06-16,descending,66,sentinel-1b,0,True,0,True,0,0,0,0,0,0,0,0,0,0,0,0
S1A_IW_GRDH_1SDV_20190617T052703_20190617T052728_027715_0320DB_9C1D_COG,outputs\diagnostics\design_c\c2v\scene_checkpoints\primary\S1A_IW_GRDH_1SDV_20190617T052703_20190617T052728_027715_0320DB_9C1D_COG.csv.gz,True,,2019,2019-06-17,descending,168,sentinel-1a,0,True,0,True,0,0,0,0,0,0,0,0,0,0,0,0
S1A_IW_GRDH_1SDV_20190623T172325_20190623T172350_027810_0323B0_1DB0_COG,outputs\diagnostics\design_c\c2v\scene_checkpoints\primary\S1A_IW_GRDH_1SDV_20190623T172325_20190623T172350_027810_0323B0_1DB0_COG.csv.gz,True,,2019,2019-06-23,ascending,88,sentinel-1a,0,True,0,True,0,0,0,0,0,0,0,0,0,0,0,0
S1A_IW_GRDH_1SDV_20190623T172325_20190623T172350_027810_0323B0_4052_COG,outputs\diagnostics\design_c\c2v\scene_checkpoints\primary\S1A_IW_GRDH_1SDV_20190623T172325_20190623T172350_027810_0323B0_4052_COG.csv.gz,True,,2019,2019-06-23,ascending,88,sentinel-1a,0,True,0,True,0,0,0,0,0,0,0,0,0,0,0,0
S1B_IW_GRDH_1SDV_20190623T052620_20190623T052645_016819_01FA6A_EBA4_COG,outputs\diagnostics\design_c\c2v\scene_checkpoints\primary\S1B_IW_GRDH_1SDV_20190623T052620_20190623T052645_016819_01FA6A_EBA4_COG.csv.gz,True,,2019,2019-06-23,descending,168,sentinel-1b,0,True,0,True,0,0,0,0,0,0,0,0,0,0,0,0
S1B_IW_GRDH_1SDV_20190628T053508_20190628T053533_016892_01FC97_2C54_COG,outputs\diagnostics\design_c\c2v\scene_checkpoints\primary\S1B_IW_GRDH_1SDV_20190628T053508_20190628T053533_016892_01FC97_2C54_COG.csv.gz,True,,2019,2019-06-28,descending,66,sentinel-1b,0,True,0,True,0,0,0,0,0,0,0,0,0,0,0,0
S1B_IW_GRDH_1SDV_20190628T053508_20190628T053533_016892_01FC97_6DA3_COG,outputs\diagnostics\design_c\c2v\scene_checkpoints\primary\S1B_IW_GRDH_1SDV_20190628T053508_20190628T053533_016892_01FC97_6DA3_COG.csv.gz,True,,2019,2019-06-28,descending,66,sentinel-1b,0,True,0,True,0,0,0,0,0,0,0,0,0,0,0,0
S1A_IW_GRDH_1SDV_20190629T052702_20190629T052727_027890_032617_F1E9_COG,outputs\diagnostics\design_c\c2v\scene_checkpoints\primary\S1A_IW_GRDH_1SDV_20190629T052702_20190629T052727_027890_032617_F1E9_COG.csv.gz,True,,2019,2019-06-29,descending,168,sentinel-1a,0,True,0,True,0,0,0,0,0,0,0,0,0,0,0,0
S1A_IW_GRDH_1SDV_20190705T172325_20190705T172350_027985_0328F9_7D3B_COG,outputs\diagnostics\design_c\c2v\scene_checkpoints\primary\S1A_IW_GRDH_1SDV_20190705T172325_20190705T172350_027985_0328F9_7D3B_COG.csv.gz,True,,2019,2019-07-05,ascending,88,sentinel-1a,0,True,0,True,0,0,0,0,0,0,0,0,0,0,0,0
S1A_IW_GRDH_1SDV_20190705T172325_20190705T172350_027985_0328F9_F980_COG,outputs\diagnostics\design_c\c2v\scene_checkpoints\primary\S1A_IW_GRDH_1SDV_20190705T172325_20190705T172350_027985_0328F9_F980_COG.csv.gz,True,,2019,2019-07-05,ascending,88,sentinel-1a,0,True,0,True,0,0,0,0,0,0,0,0,0,0,0,0
S1B_IW_GRDH_1SDV_20190705T052621_20190705T052646_016994_01FF99_C37C_COG,outputs\diagnostics\design_c\c2v\scene_checkpoints\primary\S1B_IW_GRDH_1SDV_20190705T052621_20190705T052646_016994_01FF99_C37C_COG.csv.gz,True,,2019,2019-07-05,descending,168,sentinel-1b,0,True,0,True,0,0,0,0,0,0,0,0,0,0,0,0
S1A_IW_GRDH_1SDV_20190711T052703_20190711T052728_028065_032B64_62BD_COG,outputs\diagnostics\design_c\c2v\scene_checkpoints\primary\S1A_IW_GRDH_1SDV_20190711T052703_20190711T052728_028065_032B64_62BD_COG.csv.gz,True,,2019,2019-07-11,descending,168,sentinel-1a,0,True,0,True,0,0,0,0,0,0,0,0,0,0,0,0
S1A_IW_GRDH_1SDV_20190717T172326_20190717T172351_028160_032E46_7FAE_COG,outputs\diagnostics\design_c\c2v\scene_checkpoints\primary\S1A_IW_GRDH_1SDV_20190717T172326_20190717T172351_028160_032E46_7FAE_COG.csv.gz,True,,2019,2019-07-17,ascending,88,sentinel-1a,0,True,0,True,0,0,0,0,0,0,0,0,0,0,0,0
S1A_IW_GRDH_1SDV_20190717T172326_20190717T172351_028160_032E46_A467_COG,outputs\diagnostics\design_c\c2v\scene_checkpoints\primary\S1A_IW_GRDH_1SDV_20190717T172326_20190717T172351_028160_032E46_A467_COG.csv.gz,True,,2019,2019-07-17,ascending,88,sentinel-1a,0,True,0,True,0,0,0,0,0,0,0,0,0,0,0,0
S1A_IW_GRDH_1SDV_20190723T052704_20190723T052729_028240_0330AD_269F_COG,outputs\diagnostics\design_c\c2v\scene_checkpoints\primary\S1A_IW_GRDH_1SDV_20190723T052704_20190723T052729_028240_0330AD_269F_COG.csv.gz,True,,2019,2019-07-23,descending,168,sentinel-1a,0,True,0,True,0,0,0,0,0,0,0,0,0,0,0,0
S1A_IW_GRDH_1SDV_20190729T172327_20190729T172352_028335_03339E_6368_COG,outputs\diagnostics\design_c\c2v\scene_checkpoints\primary\S1A_IW_GRDH_1SDV_20190729T172327_20190729T172352_028335_03339E_6368_COG.csv.gz,True,,2019,2019-07-29,ascending,88,sentinel-1a,0,True,0,True,0,0,0,0,0,0,0,0,0,0,0,0
S1A_IW_GRDH_1SDV_20190729T172327_20190729T172352_028335_03339E_E799_COG,outputs\diagnostics\design_c\c2v\scene_checkpoints\primary\S1A_IW_GRDH_1SDV_20190729T172327_20190729T172352_028335_03339E_E799_COG.csv.gz,True,,2019,2019-07-29,ascending,88,sentinel-1a,0,True,0,True,0,0,0,0,0,0,0,0,0,0,0,0
S1B_IW_GRDH_1SDV_20190729T052622_20190729T052647_017344_0209DE_92E3_COG,outputs\diagnostics\design_c\c2v\scene_checkpoints\primary\S1B_IW_GRDH_1SDV_20190729T052622_20190729T052647_017344_0209DE_92E3_COG.csv.gz,True,,2019,2019-07-29,descending,168,sentinel-1b,0,True,0,True,0,0,0,0,0,0,0,0,0,0,0,0
S1A_IW_GRDH_1SDV_20190804T052705_20190804T052730_028415_033604_E291_COG,outputs\diagnostics\design_c\c2v\scene_checkpoints\primary\S1A_IW_GRDH_1SDV_20190804T052705_20190804T052730_028415_033604_E291_COG.csv.gz,True,,2019,2019-08-04,descending,168,sentinel-1a,0,True,0,True,0,0,0,0,0,0,0,0,0,0,0,0
S1A_IW_GRDH_1SDV_20190810T172328_20190810T172353_028510_033918_3015_COG,outputs\diagnostics\design_c\c2v\scene_checkpoints\primary\S1A_IW_GRDH_1SDV_20190810T172328_20190810T172353_028510_033918_3015_COG.csv.gz,True,,2019,2019-08-10,ascending,88,sentinel-1a,0,True,0,True,0,0,0,0,0,0,0,0,0,0,0,0
S1A_IW_GRDH_1SDV_20190810T172328_20190810T172353_028510_033918_8271_COG,outputs\diagnostics\design_c\c2v\scene_checkpoints\primary\S1A_IW_GRDH_1SDV_20190810T172328_20190810T172353_028510_033918_8271_COG.csv.gz,True,,2019,2019-08-10,ascending,88,sentinel-1a,0,True,0,True,0,0,0,0,0,0,0,0,0,0,0,0
S1B_IW_GRDH_1SDV_20190810T052623_20190810T052648_017519_020F28_5113_COG,outputs\diagnostics\design_c\c2v\scene_checkpoints\primary\S1B_IW_GRDH_1SDV_20190810T052623_20190810T052648_017519_020F28_5113_COG.csv.gz,True,,2019,2019-08-10,descending,168,sentinel-1b,0,True,0,True,0,0,0,0,0,0,0,0,0,0,0,0
S1A_IW_GRDH_1SDV_20190816T052706_20190816T052731_028590_033BDA_7773_COG,outputs\diagnostics\design_c\c2v\scene_checkpoints\primary\S1A_IW_GRDH_1SDV_20190816T052706_20190816T052731_028590_033BDA_7773_COG.csv.gz,True,,2019,2019-08-16,descending,168,sentinel-1a,0,True,0,True,0,0,0,0,0,0,0,0,0,0,0,0
S1A_IW_GRDH_1SDV_20190822T172328_20190822T172353_028685_033F24_0730_COG,outputs\diagnostics\design_c\c2v\scene_checkpoints\primary\S1A_IW_GRDH_1SDV_20190822T172328_20190822T172353_028685_033F24_0730_COG.csv.gz,True,,2019,2019-08-22,ascending,88,sentinel-1a,0,True,0,True,0,0,0,0,0,0,0,0,0,0,0,0
S1A_IW_GRDH_1SDV_20190822T172328_20190822T172353_028685_033F24_EC86_COG,outputs\diagnostics\design_c\c2v\scene_checkpoints\primary\S1A_IW_GRDH_1SDV_20190822T172328_20190822T172353_028685_033F24_EC86_COG.csv.gz,True,,2019,2019-08-22,ascending,88,sentinel-1a,0,True,0,True,0,0,0,0,0,0,0,0,0,0,0,0
S1B_IW_GRDH_1SDV_20190822T052624_20190822T052649_017694_02149F_3DD6_COG,outputs\diagnostics\design_c\c2v\scene_checkpoints\primary\S1B_IW_GRDH_1SDV_20190822T052624_20190822T052649_017694_02149F_3DD6_COG.csv.gz,True,,2019,2019-08-22,descending,168,sentinel-1b,0,True,0,True,0,0,0,0,0,0,0,0,0,0,0,0
S1A_IW_GRDH_1SDV_20190828T052706_20190828T052731_028765_0341F8_97A7_COG,outputs\diagnostics\design_c\c2v\scene_checkpoints\primary\S1A_IW_GRDH_1SDV_20190828T052706_20190828T052731_028765_0341F8_97A7_COG.csv.gz,True,,2019,2019-08-28,descending,168,sentinel-1a,0,True,0,True,0,0,0,0,0,0,0,0,0,0,0,0
S1A_IW_GRDH_1SDV_20190903T172329_20190903T172354_028860_034540_D7C4_COG,outputs\diagnostics\design_c\c2v\scene_checkpoints\primary\S1A_IW_GRDH_1SDV_20190903T172329_20190903T172354_028860_034540_D7C4_COG.csv.gz,True,,2019,2019-09-03,ascending,88,sentinel-1a,0,True,0,True,0,0,0,0,0,0,0,0,0,0,0,0
S1A_IW_GRDH_1SDV_20190903T172329_20190903T172354_028860_034540_E0B9_COG,outputs\diagnostics\design_c\c2v\scene_checkpoints\primary\S1A_IW_GRDH_1SDV_20190903T172329_20190903T172354_028860_034540_E0B9_COG.csv.gz,True,,2019,2019-09-03,ascending,88,sentinel-1a,0,True,0,True,0,0,0,0,0,0,0,0,0,0,0,0
S1B_IW_GRDH_1SDV_20190903T052625_20190903T052650_017869_021A0C_CDA1_COG,outputs\diagnostics\design_c\c2v\scene_checkpoints\primary\S1B_IW_GRDH_1SDV_20190903T052625_20190903T052650_017869_021A0C_CDA1_COG.csv.gz,True,,2019,2019-09-03,descending,168,sentinel-1b,0,True,0,True,0,0,0,0,0,0,0,0,0,0,0,0
S1A_IW_GRDH_1SDV_20190909T052707_20190909T052732_028940_03480E_5401_COG,outputs\diagnostics\design_c\c2v\scene_checkpoints\primary\S1A_IW_GRDH_1SDV_20190909T052707_20190909T052732_028940_03480E_5401_COG.csv.gz,True,,2019,2019-09-09,descending,168,sentinel-1a,0,True,0,True,0,0,0,0,0,0,0,0,0,0,0,0
S1A_IW_GRDH_1SDV_20190915T172329_20190915T172354_029035_034B57_3E97_COG,outputs\diagnostics\design_c\c2v\scene_checkpoints\primary\S1A_IW_GRDH_1SDV_20190915T172329_20190915T172354_029035_034B57_3E97_COG.csv.gz,True,,2019,2019-09-15,ascending,88,sentinel-1a,0,True,0,True,0,0,0,0,0,0,0,0,0,0,0,0
S1A_IW_GRDH_1SDV_20190915T172329_20190915T172354_029035_034B57_8EFA_COG,outputs\diagnostics\design_c\c2v\scene_checkpoints\primary\S1A_IW_GRDH_1SDV_20190915T172329_20190915T172354_029035_034B57_8EFA_COG.csv.gz,True,,2019,2019-09-15,ascending,88,sentinel-1a,0,True,0,True,0,0,0,0,0,0,0,0,0,0,0,0
S1B_IW_GRDH_1SDV_20190915T052625_20190915T052650_018044_021F7F_BA2D_COG,outputs\diagnostics\design_c\c2v\scene_checkpoints\primary\S1B_IW_GRDH_1SDV_20190915T052625_20190915T052650_018044_021F7F_BA2D_COG.csv.gz,True,,2019,2019-09-15,descending,168,sentinel-1b,0,True,0,True,0,0,0,0,0,0,0,0,0,0,0,0
S1A_IW_GRDH_1SDV_20190921T052707_20190921T052732_029115_034E0E_4B25_COG,outputs\diagnostics\design_c\c2v\scene_checkpoints\primary\S1A_IW_GRDH_1SDV_20190921T052707_20190921T052732_029115_034E0E_4B25_COG.csv.gz,True,,2019,2019-09-21,descending,168,sentinel-1a,0,True,0,True,0,0,0,0,0,0,0,0,0,0,0,0
S1A_IW_GRDH_1SDV_20190927T172330_20190927T172355_029210_03514C_6CF2_COG,outputs\diagnostics\design_c\c2v\scene_checkpoints\primary\S1A_IW_GRDH_1SDV_20190927T172330_20190927T172355_029210_03514C_6CF2_COG.csv.gz,True,,2019,2019-09-27,ascending,88,sentinel-1a,0,True,0,True,0,0,0,0,0,0,0,0,0,0,0,0
S1A_IW_GRDH_1SDV_20190927T172330_20190927T172355_029210_03514C_EEE8_COG,outputs\diagnostics\design_c\c2v\scene_checkpoints\primary\S1A_IW_GRDH_1SDV_20190927T172330_20190927T172355_029210_03514C_EEE8_COG.csv.gz,True,,2019,2019-09-27,ascending,88,sentinel-1a,0,True,0,True,0,0,0,0,0,0,0,0,0,0,0,0
S1B_IW_GRDH_1SDV_20190927T052626_20190927T052651_018219_0224E4_54D5_COG,outputs\diagnostics\design_c\c2v\scene_checkpoints\primary\S1B_IW_GRDH_1SDV_20190927T052626_20190927T052651_018219_0224E4_54D5_COG.csv.gz,True,,2019,2019-09-27,descending,168,sentinel-1b,0,True,0,True,0,0,0,0,0,0,0,0,0,0,0,0
S1A_IW_GRDH_1SDV_20200406T172327_20200406T172352_032010_03B29A_BC2C_COG,outputs\diagnostics\design_c\c2v\scene_checkpoints\primary\S1A_IW_GRDH_1SDV_20200406T172327_20200406T172352_032010_03B29A_BC2C_COG.csv.gz,True,,2020,2020-04-06,ascending,88,sentinel-1a,0,True,0,True,0,0,0,0,0,0,0,0,0,0,0,0
S1A_IW_GRDH_1SDV_20200406T172327_20200406T172352_032010_03B29A_F3AB_COG,outputs\diagnostics\design_c\c2v\scene_checkpoints\primary\S1A_IW_GRDH_1SDV_20200406T172327_20200406T172352_032010_03B29A_F3AB_COG.csv.gz,True,,2020,2020-04-06,ascending,88,sentinel-1a,0,True,0,True,0,0,0,0,0,0,0,0,0,0,0,0
S1A_IW_GRDH_1SDV_20200412T052705_20200412T052730_032090_03B56C_D975_COG,outputs\diagnostics\design_c\c2v\scene_checkpoints\primary\S1A_IW_GRDH_1SDV_20200412T052705_20200412T052730_032090_03B56C_D975_COG.csv.gz,True,,2020,2020-04-12,descending,168,sentinel-1a,0,True,0,True,0,0,0,0,0,0,0,0,0,0,0,0
S1A_IW_GRDH_1SDV_20200418T172328_20200418T172353_032185_03B8C6_4811_COG,outputs\diagnostics\design_c\c2v\scene_checkpoints\primary\S1A_IW_GRDH_1SDV_20200418T172328_20200418T172353_032185_03B8C6_4811_COG.csv.gz,True,,2020,2020-04-18,ascending,88,sentinel-1a,0,True,0,True,0,0,0,0,0,0,0,0,0,0,0,0
S1A_IW_GRDH_1SDV_20200418T172328_20200418T172353_032185_03B8C6_8478_COG,outputs\diagnostics\design_c\c2v\scene_checkpoints\primary\S1A_IW_GRDH_1SDV_20200418T172328_20200418T172353_032185_03B8C6_8478_COG.csv.gz,True,,2020,2020-04-18,ascending,88,sentinel-1a,0,True,0,True,0,0,0,0,0,0,0,0,0,0,0,0
S1B_IW_GRDH_1SDV_20200418T052700_20200418T052725_021194_02837E_0B0E_COG,outputs\diagnostics\design_c\c2v\scene_checkpoints\primary\S1B_IW_GRDH_1SDV_20200418T052700_20200418T052725_021194_02837E_0B0E_COG.csv.gz,True,,2020,2020-04-18,descending,168,sentinel-1b,0,True,0,True,0,0,0,0,0,0,0,0,0,0,0,0
S1A_IW_GRDH_1SDV_20200424T052705_20200424T052730_032265_03BB90_C075_COG,outputs\diagnostics\design_c\c2v\scene_checkpoints\primary\S1A_IW_GRDH_1SDV_20200424T052705_20200424T052730_032265_03BB90_C075_COG.csv.gz,True,,2020,2020-04-24,descending,168,sentinel-1a,0,True,0,True,0,0,0,0,0,0,0,0,0,0,0,0
S1A_IW_GRDH_1SDV_20200430T172328_20200430T172353_032360_03BEE8_7FD4_COG,outputs\diagnostics\design_c\c2v\scene_checkpoints\primary\S1A_IW_GRDH_1SDV_20200430T172328_20200430T172353_032360_03BEE8_7FD4_COG.csv.gz,True,,2020,2020-04-30,ascending,88,sentinel-1a,0,True,0,True,0,0,0,0,0,0,0,0,0,0,0,0
S1A_IW_GRDH_1SDV_20200430T172328_20200430T172353_032360_03BEE8_9503_COG,outputs\diagnostics\design_c\c2v\scene_checkpoints\primary\S1A_IW_GRDH_1SDV_20200430T172328_20200430T172353_032360_03BEE8_9503_COG.csv.gz,True,,2020,2020-04-30,ascending,88,sentinel-1a,0,True,0,True,0,0,0,0,0,0,0,0,0,0,0,0
S1B_IW_GRDH_1SDV_20200430T052700_20200430T052725_021369_028901_30D0_COG,outputs\diagnostics\design_c\c2v\scene_checkpoints\primary\S1B_IW_GRDH_1SDV_20200430T052700_20200430T052725_021369_028901_30D0_COG.csv.gz,True,,2020,2020-04-30,descending,168,sentinel-1b,0,True,0,True,0,0,0,0,0,0,0,0,0,0,0,0
S1B_IW_GRDH_1SDV_20200430T052700_20200430T052725_021369_028901_A448_COG,outputs\diagnostics\design_c\c2v\scene_checkpoints\primary\S1B_IW_GRDH_1SDV_20200430T052700_20200430T052725_021369_028901_A448_COG.csv.gz,True,,2020,2020-04-30,descending,168,sentinel-1b,0,True,0,True,0,0,0,0,0,0,0,0,0,0,0,0
S1A_IW_GRDH_1SDV_20200506T052706_20200506T052731_032440_03C1BA_DB84_COG,outputs\diagnostics\design_c\c2v\scene_checkpoints\primary\S1A_IW_GRDH_1SDV_20200506T052706_20200506T052731_032440_03C1BA_DB84_COG.csv.gz,True,,2020,2020-05-06,descending,168,sentinel-1a,0,True,0,True,0,0,0,0,0,0,0,0,0,0,0,0
S1A_IW_GRDH_1SDV_20200512T172329_20200512T172354_032535_03C4A6_1C23_COG,outputs\diagnostics\design_c\c2v\scene_checkpoints\primary\S1A_IW_GRDH_1SDV_20200512T172329_20200512T172354_032535_03C4A6_1C23_COG.csv.gz,True,,2020,2020-05-12,ascending,88,sentinel-1a,0,True,0,True,0,0,0,0,0,0,0,0,0,0,0,0
S1A_IW_GRDH_1SDV_20200512T172329_20200512T172354_032535_03C4A6_DD58_COG,outputs\diagnostics\design_c\c2v\scene_checkpoints\primary\S1A_IW_GRDH_1SDV_20200512T172329_20200512T172354_032535_03C4A6_DD58_COG.csv.gz,True,,2020,2020-05-12,ascending,88,sentinel-1a,0,True,0,True,0,0,0,0,0,0,0,0,0,0,0,0
S1B_IW_GRDH_1SDV_20200512T052701_20200512T052726_021544_028E77_D27C_COG,outputs\diagnostics\design_c\c2v\scene_checkpoints\primary\S1B_IW_GRDH_1SDV_20200512T052701_20200512T052726_021544_028E77_D27C_COG.csv.gz,True,,2020,2020-05-12,descending,168,sentinel-1b,0,True,0,True,0,0,0,0,0,0,0,0,0,0,0,0
S1B_IW_GRDH_1SDV_20200512T052701_20200512T052726_021544_028E77_EF0B_COG,outputs\diagnostics\design_c\c2v\scene_checkpoints\primary\S1B_IW_GRDH_1SDV_20200512T052701_20200512T052726_021544_028E77_EF0B_COG.csv.gz,True,,2020,2020-05-12,descending,168,sentinel-1b,0,True,0,True,0,0,0,0,0,0,0,0,0,0,0,0
S1A_IW_GRDH_1SDV_20200518T052707_20200518T052732_032615_03C710_3BE6_COG,outputs\diagnostics\design_c\c2v\scene_checkpoints\primary\S1A_IW_GRDH_1SDV_20200518T052707_20200518T052732_032615_03C710_3BE6_COG.csv.gz,True,,2020,2020-05-18,descending,168,sentinel-1a,0,True,0,True,0,0,0,0,0,0,0,0,0,0,0,0
S1A_IW_GRDH_1SDV_20200524T172330_20200524T172355_032710_03C9F5_8AE4_COG,outputs\diagnostics\design_c\c2v\scene_checkpoints\primary\S1A_IW_GRDH_1SDV_20200524T172330_20200524T172355_032710_03C9F5_8AE4_COG.csv.gz,True,,2020,2020-05-24,ascending,88,sentinel-1a,0,True,0,True,0,0,0,0,0,0,0,0,0,0,0,0
S1A_IW_GRDH_1SDV_20200524T172330_20200524T172355_032710_03C9F5_C202_COG,outputs\diagnostics\design_c\c2v\scene_checkpoints\primary\S1A_IW_GRDH_1SDV_20200524T172330_20200524T172355_032710_03C9F5_C202_COG.csv.gz,True,,2020,2020-05-24,ascending,88,sentinel-1a,0,True,0,True,0,0,0,0,0,0,0,0,0,0,0,0
S1B_IW_GRDH_1SDV_20200524T052625_20200524T052650_021719_029398_3C9E_COG,outputs\diagnostics\design_c\c2v\scene_checkpoints\primary\S1B_IW_GRDH_1SDV_20200524T052625_20200524T052650_021719_029398_3C9E_COG.csv.gz,True,,2020,2020-05-24,descending,168,sentinel-1b,0,True,0,True,0,0,0,0,0,0,0,0,0,0,0,0
S1A_IW_GRDH_1SDV_20200530T052708_20200530T052733_032790_03CC56_262D_COG,outputs\diagnostics\design_c\c2v\scene_checkpoints\primary\S1A_IW_GRDH_1SDV_20200530T052708_20200530T052733_032790_03CC56_262D_COG.csv.gz,True,,2020,2020-05-30,descending,168,sentinel-1a,0,True,0,True,0,0,0,0,0,0,0,0,0,0,0,0
S1A_IW_GRDH_1SDV_20200605T172330_20200605T172355_032885_03CF21_1861_COG,outputs\diagnostics\design_c\c2v\scene_checkpoints\primary\S1A_IW_GRDH_1SDV_20200605T172330_20200605T172355_032885_03CF21_1861_COG.csv.gz,True,,2020,2020-06-05,ascending,88,sentinel-1a,0,True,0,True,0,0,0,0,0,0,0,0,0,0,0,0
S1A_IW_GRDH_1SDV_20200605T172330_20200605T172355_032885_03CF21_5AFF_COG,outputs\diagnostics\design_c\c2v\scene_checkpoints\primary\S1A_IW_GRDH_1SDV_20200605T172330_20200605T172355_032885_03CF21_5AFF_COG.csv.gz,True,,2020,2020-06-05,ascending,88,sentinel-1a,0,True,0,True,0,0,0,0,0,0,0,0,0,0,0,0
S1A_IW_GRDH_1SDV_20200611T052708_20200611T052733_032965_03D183_3D6A_COG,outputs\diagnostics\design_c\c2v\scene_checkpoints\primary\S1A_IW_GRDH_1SDV_20200611T052708_20200611T052733_032965_03D183_3D6A_COG.csv.gz,True,,2020,2020-06-11,descending,168,sentinel-1a,0,True,0,True,0,0,0,0,0,0,0,0,0,0,0,0
S1A_IW_GRDH_1SDV_20200617T172331_20200617T172356_033060_03D465_16C1_COG,outputs\diagnostics\design_c\c2v\scene_checkpoints\primary\S1A_IW_GRDH_1SDV_20200617T172331_20200617T172356_033060_03D465_16C1_COG.csv.gz,True,,2020,2020-06-17,ascending,88,sentinel-1a,0,True,0,True,0,0,0,0,0,0,0,0,0,0,0,0
S1A_IW_GRDH_1SDV_20200617T172331_20200617T172356_033060_03D465_3DD7_COG,outputs\diagnostics\design_c\c2v\scene_checkpoints\primary\S1A_IW_GRDH_1SDV_20200617T172331_20200617T172356_033060_03D465_3DD7_COG.csv.gz,True,,2020,2020-06-17,ascending,88,sentinel-1a,0,True,0,True,0,0,0,0,0,0,0,0,0,0,0,0
S1B_IW_GRDH_1SDV_20200617T052626_20200617T052651_022069_029E24_E519_COG,outputs\diagnostics\design_c\c2v\scene_checkpoints\primary\S1B_IW_GRDH_1SDV_20200617T052626_20200617T052651_022069_029E24_E519_COG.csv.gz,True,,2020,2020-06-17,descending,168,sentinel-1b,0,True,0,True,0,0,0,0,0,0,0,0,0,0,0,0
S1A_IW_GRDH_1SDV_20200623T052709_20200623T052734_033140_03D6D5_8DFE_COG,outputs\diagnostics\design_c\c2v\scene_checkpoints\primary\S1A_IW_GRDH_1SDV_20200623T052709_20200623T052734_033140_03D6D5_8DFE_COG.csv.gz,True,,2020,2020-06-23,descending,168,sentinel-1a,0,True,0,True,0,0,0,0,0,0,0,0,0,0,0,0
S1A_IW_GRDH_1SDV_20200629T172332_20200629T172357_033235_03D9B6_0287_COG,outputs\diagnostics\design_c\c2v\scene_checkpoints\primary\S1A_IW_GRDH_1SDV_20200629T172332_20200629T172357_033235_03D9B6_0287_COG.csv.gz,True,,2020,2020-06-29,ascending,88,sentinel-1a,0,True,0,True,0,0,0,0,0,0,0,0,0,0,0,0
S1A_IW_GRDH_1SDV_20200629T172332_20200629T172357_033235_03D9B6_6F6F_COG,outputs\diagnostics\design_c\c2v\scene_checkpoints\primary\S1A_IW_GRDH_1SDV_20200629T172332_20200629T172357_033235_03D9B6_6F6F_COG.csv.gz,True,,2020,2020-06-29,ascending,88,sentinel-1a,0,True,0,True,0,0,0,0,0,0,0,0,0,0,0,0
S1B_IW_GRDH_1SDV_20200629T052627_20200629T052652_022244_02A37D_4350_COG,outputs\diagnostics\design_c\c2v\scene_checkpoints\primary\S1B_IW_GRDH_1SDV_20200629T052627_20200629T052652_022244_02A37D_4350_COG.csv.gz,True,,2020,2020-06-29,descending,168,sentinel-1b,0,True,0,True,0,0,0,0,0,0,0,0,0,0,0,0
S1A_IW_GRDH_1SDV_20200705T052710_20200705T052735_033315_03DC22_AA93_COG,outputs\diagnostics\design_c\c2v\scene_checkpoints\primary\S1A_IW_GRDH_1SDV_20200705T052710_20200705T052735_033315_03DC22_AA93_COG.csv.gz,True,,2020,2020-07-05,descending,168,sentinel-1a,0,True,0,True,0,0,0,0,0,0,0,0,0,0,0,0
S1A_IW_GRDH_1SDV_20200711T172332_20200711T172357_033410_03DF06_12E6_COG,outputs\diagnostics\design_c\c2v\scene_checkpoints\primary\S1A_IW_GRDH_1SDV_20200711T172332_20200711T172357_033410_03DF06_12E6_COG.csv.gz,True,,2020,2020-07-11,ascending,88,sentinel-1a,0,True,0,True,0,0,0,0,0,0,0,0,0,0,0,0
S1A_IW_GRDH_1SDV_20200711T172332_20200711T172357_033410_03DF06_F831_COG,outputs\diagnostics\design_c\c2v\scene_checkpoints\primary\S1A_IW_GRDH_1SDV_20200711T172332_20200711T172357_033410_03DF06_F831_COG.csv.gz,True,,2020,2020-07-11,ascending,88,sentinel-1a,0,True,0,True,0,0,0,0,0,0,0,0,0,0,0,0
S1B_IW_GRDH_1SDV_20200711T052628_20200711T052653_022419_02A8D0_DFAF_COG,outputs\diagnostics\design_c\c2v\scene_checkpoints\primary\S1B_IW_GRDH_1SDV_20200711T052628_20200711T052653_022419_02A8D0_DFAF_COG.csv.gz,True,,2020,2020-07-11,descending,168,sentinel-1b,0,True,0,True,0,0,0,0,0,0,0,0,0,0,0,0
S1A_IW_GRDH_1SDV_20200717T052710_20200717T052735_033490_03E17A_CBAD_COG,outputs\diagnostics\design_c\c2v\scene_checkpoints\primary\S1A_IW_GRDH_1SDV_20200717T052710_20200717T052735_033490_03E17A_CBAD_COG.csv.gz,True,,2020,2020-07-17,descending,168,sentinel-1a,0,True,0,True,0,0,0,0,0,0,0,0,0,0,0,0
S1A_IW_GRDH_1SDV_20200723T172333_20200723T172358_033585_03E467_877E_COG,outputs\diagnostics\design_c\c2v\scene_checkpoints\primary\S1A_IW_GRDH_1SDV_20200723T172333_20200723T172358_033585_03E467_877E_COG.csv.gz,True,,2020,2020-07-23,ascending,88,sentinel-1a,0,True,0,True,0,0,0,0,0,0,0,0,0,0,0,0
S1A_IW_GRDH_1SDV_20200723T172333_20200723T172358_033585_03E467_BA85_COG,outputs\diagnostics\design_c\c2v\scene_checkpoints\primary\S1A_IW_GRDH_1SDV_20200723T172333_20200723T172358_033585_03E467_BA85_COG.csv.gz,True,,2020,2020-07-23,ascending,88,sentinel-1a,0,True,0,True,0,0,0,0,0,0,0,0,0,0,0,0
S1B_IW_GRDH_1SDV_20200723T052628_20200723T052653_022594_02AE21_7D1E_COG,outputs\diagnostics\design_c\c2v\scene_checkpoints\primary\S1B_IW_GRDH_1SDV_20200723T052628_20200723T052653_022594_02AE21_7D1E_COG.csv.gz,True,,2020,2020-07-23,descending,168,sentinel-1b,0,True,0,True,0,0,0,0,0,0,0,0,0,0,0,0
S1A_IW_GRDH_1SDV_20200729T052711_20200729T052736_033665_03E6D8_062E_COG,outputs\diagnostics\design_c\c2v\scene_checkpoints\primary\S1A_IW_GRDH_1SDV_20200729T052711_20200729T052736_033665_03E6D8_062E_COG.csv.gz,True,,2020,2020-07-29,descending,168,sentinel-1a,0,True,0,True,0,0,0,0,0,0,0,0,0,0,0,0
S1A_IW_GRDH_1SDV_20200804T172334_20200804T172359_033760_03E9BC_396D_COG,outputs\diagnostics\design_c\c2v\scene_checkpoints\primary\S1A_IW_GRDH_1SDV_20200804T172334_20200804T172359_033760_03E9BC_396D_COG.csv.gz,True,,2020,2020-08-04,ascending,88,sentinel-1a,0,True,0,True,0,0,0,0,0,0,0,0,0,0,0,0
S1A_IW_GRDH_1SDV_20200804T172334_20200804T172359_033760_03E9BC_7D80_COG,outputs\diagnostics\design_c\c2v\scene_checkpoints\primary\S1A_IW_GRDH_1SDV_20200804T172334_20200804T172359_033760_03E9BC_7D80_COG.csv.gz,True,,2020,2020-08-04,ascending,88,sentinel-1a,0,True,0,True,0,0,0,0,0,0,0,0,0,0,0,0
S1B_IW_GRDH_1SDV_20200804T052629_20200804T052654_022769_02B36C_2A7D_COG,outputs\diagnostics\design_c\c2v\scene_checkpoints\primary\S1B_IW_GRDH_1SDV_20200804T052629_20200804T052654_022769_02B36C_2A7D_COG.csv.gz,True,,2020,2020-08-04,descending,168,sentinel-1b,0,True,0,True,0,0,0,0,0,0,0,0,0,0,0,0
S1A_IW_GRDH_1SDV_20200810T052712_20200810T052737_033840_03EC7E_D41C_COG,outputs\diagnostics\design_c\c2v\scene_checkpoints\primary\S1A_IW_GRDH_1SDV_20200810T052712_20200810T052737_033840_03EC7E_D41C_COG.csv.gz,True,,2020,2020-08-10,descending,168,sentinel-1a,0,True,0,True,0,0,0,0,0,0,0,0,0,0,0,0
S1A_IW_GRDH_1SDV_20200816T172335_20200816T172400_033935_03EFD4_48DF_COG,outputs\diagnostics\design_c\c2v\scene_checkpoints\primary\S1A_IW_GRDH_1SDV_20200816T172335_20200816T172400_033935_03EFD4_48DF_COG.csv.gz,True,,2020,2020-08-16,ascending,88,sentinel-1a,0,True,0,True,0,0,0,0,0,0,0,0,0,0,0,0
S1B_IW_GRDH_1SDV_20200816T052630_20200816T052655_022944_02B8D4_53D7_COG,outputs\diagnostics\design_c\c2v\scene_checkpoints\primary\S1B_IW_GRDH_1SDV_20200816T052630_20200816T052655_022944_02B8D4_53D7_COG.csv.gz,True,,2020,2020-08-16,descending,168,sentinel-1b,0,True,0,True,0,0,0,0,0,0,0,0,0,0,0,0
S1A_IW_GRDH_1SDV_20200822T052712_20200822T052737_034015_03F2A9_B52A_COG,outputs\diagnostics\design_c\c2v\scene_checkpoints\primary\S1A_IW_GRDH_1SDV_20200822T052712_20200822T052737_034015_03F2A9_B52A_COG.csv.gz,True,,2020,2020-08-22,descending,168,sentinel-1a,0,True,0,True,0,0,0,0,0,0,0,0,0,0,0,0
S1A_IW_GRDH_1SDV_20200828T172335_20200828T172400_034110_03F5FE_463F_COG,outputs\diagnostics\design_c\c2v\scene_checkpoints\primary\S1A_IW_GRDH_1SDV_20200828T172335_20200828T172400_034110_03F5FE_463F_COG.csv.gz,True,,2020,2020-08-28,ascending,88,sentinel-1a,0,True,0,True,0,0,0,0,0,0,0,0,0,0,0,0
S1A_IW_GRDH_1SDV_20200828T172335_20200828T172400_034110_03F5FE_861B_COG,outputs\diagnostics\design_c\c2v\scene_checkpoints\primary\S1A_IW_GRDH_1SDV_20200828T172335_20200828T172400_034110_03F5FE_861B_COG.csv.gz,True,,2020,2020-08-28,ascending,88,sentinel-1a,0,True,0,True,0,0,0,0,0,0,0,0,0,0,0,0
S1B_IW_GRDH_1SDV_20200828T052631_20200828T052656_023119_02BE55_C078_COG,outputs\diagnostics\design_c\c2v\scene_checkpoints\primary\S1B_IW_GRDH_1SDV_20200828T052631_20200828T052656_023119_02BE55_C078_COG.csv.gz,True,,2020,2020-08-28,descending,168,sentinel-1b,0,True,0,True,0,0,0,0,0,0,0,0,0,0,0,0
S1A_IW_GRDH_1SDV_20200903T052713_20200903T052738_034190_03F8CD_6DF6_COG,outputs\diagnostics\design_c\c2v\scene_checkpoints\primary\S1A_IW_GRDH_1SDV_20200903T052713_20200903T052738_034190_03F8CD_6DF6_COG.csv.gz,True,,2020,2020-09-03,descending,168,sentinel-1a,0,True,0,True,0,0,0,0,0,0,0,0,0,0,0,0
S1A_IW_GRDH_1SDV_20200909T172336_20200909T172401_034285_03FC20_5AAC_COG,outputs\diagnostics\design_c\c2v\scene_checkpoints\primary\S1A_IW_GRDH_1SDV_20200909T172336_20200909T172401_034285_03FC20_5AAC_COG.csv.gz,True,,2020,2020-09-09,ascending,88,sentinel-1a,0,True,0,True,0,0,0,0,0,0,0,0,0,0,0,0
S1A_IW_GRDH_1SDV_20200909T172336_20200909T172401_034285_03FC20_9FF3_COG,outputs\diagnostics\design_c\c2v\scene_checkpoints\primary\S1A_IW_GRDH_1SDV_20200909T172336_20200909T172401_034285_03FC20_9FF3_COG.csv.gz,True,,2020,2020-09-09,ascending,88,sentinel-1a,0,True,0,True,0,0,0,0,0,0,0,0,0,0,0,0
S1B_IW_GRDH_1SDV_20200909T052631_20200909T052656_023294_02C3D5_8DB2_COG,outputs\diagnostics\design_c\c2v\scene_checkpoints\primary\S1B_IW_GRDH_1SDV_20200909T052631_20200909T052656_023294_02C3D5_8DB2_COG.csv.gz,True,,2020,2020-09-09,descending,168,sentinel-1b,0,True,0,True,0,0,0,0,0,0,0,0,0,0,0,0
S1A_IW_GRDH_1SDV_20200915T052713_20200915T052738_034365_03FEFD_CE7B_COG,outputs\diagnostics\design_c\c2v\scene_checkpoints\primary\S1A_IW_GRDH_1SDV_20200915T052713_20200915T052738_034365_03FEFD_CE7B_COG.csv.gz,True,,2020,2020-09-15,descending,168,sentinel-1a,0,True,0,True,0,0,0,0,0,0,0,0,0,0,0,0
S1A_IW_GRDH_1SDV_20200921T172336_20200921T172401_034460_040263_38CD_COG,outputs\diagnostics\design_c\c2v\scene_checkpoints\primary\S1A_IW_GRDH_1SDV_20200921T172336_20200921T172401_034460_040263_38CD_COG.csv.gz,True,,2020,2020-09-21,ascending,88,sentinel-1a,0,True,0,True,0,0,0,0,0,0,0,0,0,0,0,0
S1A_IW_GRDH_1SDV_20200927T052714_20200927T052739_034540_040528_C06A_COG,outputs\diagnostics\design_c\c2v\scene_checkpoints\primary\S1A_IW_GRDH_1SDV_20200927T052714_20200927T052739_034540_040528_C06A_COG.csv.gz,True,,2020,2020-09-27,descending,168,sentinel-1a,0,True,0,True,0,0,0,0,0,0,0,0,0,0,0,0
S1A_IW_GRDH_1SDV_20210401T172333_20210401T172358_037260_04639A_002D_COG,outputs\diagnostics\design_c\c2v\scene_checkpoints\primary\S1A_IW_GRDH_1SDV_20210401T172333_20210401T172358_037260_04639A_002D_COG.csv.gz,True,,2021,2021-04-01,ascending,88,sentinel-1a,0,True,0,True,0,0,0,0,0,0,0,0,0,0,0,0
S1A_IW_GRDH_1SDV_20210413T172333_20210413T172358_037435_0469A9_64A6_COG,outputs\diagnostics\design_c\c2v\scene_checkpoints\primary\S1A_IW_GRDH_1SDV_20210413T172333_20210413T172358_037435_0469A9_64A6_COG.csv.gz,True,,2021,2021-04-13,ascending,88,sentinel-1a,0,True,0,True,0,0,0,0,0,0,0,0,0,0,0,0
S1A_IW_GRDH_1SDV_20210425T172334_20210425T172359_037610_046FB2_C07F_COG,outputs\diagnostics\design_c\c2v\scene_checkpoints\primary\S1A_IW_GRDH_1SDV_20210425T172334_20210425T172359_037610_046FB2_C07F_COG.csv.gz,True,,2021,2021-04-25,ascending,88,sentinel-1a,0,True,0,True,0,0,0,0,0,0,0,0,0,0,0,0
S1A_IW_GRDH_1SDV_20210507T172334_20210507T172359_037785_0475A6_B9B9_COG,outputs\diagnostics\design_c\c2v\scene_checkpoints\primary\S1A_IW_GRDH_1SDV_20210507T172334_20210507T172359_037785_0475A6_B9B9_COG.csv.gz,True,,2021,2021-05-07,ascending,88,sentinel-1a,0,True,0,True,0,0,0,0,0,0,0,0,0,0,0,0
S1A_IW_GRDH_1SDV_20210519T172335_20210519T172400_037960_047AF4_F752_COG,outputs\diagnostics\design_c\c2v\scene_checkpoints\primary\S1A_IW_GRDH_1SDV_20210519T172335_20210519T172400_037960_047AF4_F752_COG.csv.gz,True,,2021,2021-05-19,ascending,88,sentinel-1a,0,True,0,True,0,0,0,0,0,0,0,0,0,0,0,0
S1A_IW_GRDH_1SDV_20210531T172336_20210531T172401_038135_048035_E3EB_COG,outputs\diagnostics\design_c\c2v\scene_checkpoints\primary\S1A_IW_GRDH_1SDV_20210531T172336_20210531T172401_038135_048035_E3EB_COG.csv.gz,True,,2021,2021-05-31,ascending,88,sentinel-1a,0,True,0,True,0,0,0,0,0,0,0,0,0,0,0,0
S1A_IW_GRDH_1SDV_20210612T172337_20210612T172402_038310_048562_8E7B_COG,outputs\diagnostics\design_c\c2v\scene_checkpoints\primary\S1A_IW_GRDH_1SDV_20210612T172337_20210612T172402_038310_048562_8E7B_COG.csv.gz,True,,2021,2021-06-12,ascending,88,sentinel-1a,0,True,0,True,0,0,0,0,0,0,0,0,0,0,0,0
S1A_IW_GRDH_1SDV_20210624T172337_20210624T172402_038485_048A9C_62B2_COG,outputs\diagnostics\design_c\c2v\scene_checkpoints\primary\S1A_IW_GRDH_1SDV_20210624T172337_20210624T172402_038485_048A9C_62B2_COG.csv.gz,True,,2021,2021-06-24,ascending,88,sentinel-1a,0,True,0,True,0,0,0,0,0,0,0,0,0,0,0,0
S1A_IW_GRDH_1SDV_20210706T172338_20210706T172403_038660_048FE2_7FC9_COG,outputs\diagnostics\design_c\c2v\scene_checkpoints\primary\S1A_IW_GRDH_1SDV_20210706T172338_20210706T172403_038660_048FE2_7FC9_COG.csv.gz,True,,2021,2021-07-06,ascending,88,sentinel-1a,0,True,0,True,0,0,0,0,0,0,0,0,0,0,0,0
S1A_IW_GRDH_1SDV_20210718T172339_20210718T172404_038835_049522_DB41_COG,outputs\diagnostics\design_c\c2v\scene_checkpoints\primary\S1A_IW_GRDH_1SDV_20210718T172339_20210718T172404_038835_049522_DB41_COG.csv.gz,True,,2021,2021-07-18,ascending,88,sentinel-1a,0,True,0,True,0,0,0,0,0,0,0,0,0,0,0,0
S1A_IW_GRDH_1SDV_20210730T172339_20210730T172404_039010_049A54_101D_COG,outputs\diagnostics\design_c\c2v\scene_checkpoints\primary\S1A_IW_GRDH_1SDV_20210730T172339_20210730T172404_039010_049A54_101D_COG.csv.gz,True,,2021,2021-07-30,ascending,88,sentinel-1a,0,True,0,True,0,0,0,0,0,0,0,0,0,0,0,0
S1A_IW_GRDH_1SDV_20210811T172340_20210811T172405_039185_04A00C_36C8_COG,outputs\diagnostics\design_c\c2v\scene_checkpoints\primary\S1A_IW_GRDH_1SDV_20210811T172340_20210811T172405_039185_04A00C_36C8_COG.csv.gz,True,,2021,2021-08-11,ascending,88,sentinel-1a,0,True,0,True,0,0,0,0,0,0,0,0,0,0,0,0
S1A_IW_GRDH_1SDV_20210823T172341_20210823T172406_039360_04A618_C26A_COG,outputs\diagnostics\design_c\c2v\scene_checkpoints\primary\S1A_IW_GRDH_1SDV_20210823T172341_20210823T172406_039360_04A618_C26A_COG.csv.gz,True,,2021,2021-08-23,ascending,88,sentinel-1a,0,True,0,True,0,0,0,0,0,0,0,0,0,0,0,0
S1A_IW_GRDH_1SDV_20210904T172341_20210904T172406_039535_04AC1B_1DCF_COG,outputs\diagnostics\design_c\c2v\scene_checkpoints\primary\S1A_IW_GRDH_1SDV_20210904T172341_20210904T172406_039535_04AC1B_1DCF_COG.csv.gz,True,,2021,2021-09-04,ascending,88,sentinel-1a,0,True,0,True,0,0,0,0,0,0,0,0,0,0,0,0
S1A_IW_GRDH_1SDV_20210916T172342_20210916T172407_039710_04B214_F1CA_COG,outputs\diagnostics\design_c\c2v\scene_checkpoints\primary\S1A_IW_GRDH_1SDV_20210916T172342_20210916T172407_039710_04B214_F1CA_COG.csv.gz,True,,2021,2021-09-16,ascending,88,sentinel-1a,0,True,0,True,0,0,0,0,0,0,0,0,0,0,0,0
S1A_IW_GRDH_1SDV_20210928T172342_20210928T172407_039885_04B817_42D6_COG,outputs\diagnostics\design_c\c2v\scene_checkpoints\primary\S1A_IW_GRDH_1SDV_20210928T172342_20210928T172407_039885_04B817_42D6_COG.csv.gz,True,,2021,2021-09-28,ascending,88,sentinel-1a,0,True,0,True,0,0,0,0,0,0,0,0,0,0,0,0
S1A_IW_GRDH_1SDV_20220408T172339_20220408T172404_042685_0517D6_6D13_COG,outputs\diagnostics\design_c\c2v\scene_checkpoints\primary\S1A_IW_GRDH_1SDV_20220408T172339_20220408T172404_042685_0517D6_6D13_COG.csv.gz,True,,2022,2022-04-08,ascending,88,sentinel-1a,0,True,0,True,0,0,0,0,0,0,0,0,0,0,0,0
S1A_IW_GRDH_1SDV_20220420T172339_20220420T172404_042860_051DB3_9253_COG,outputs\diagnostics\design_c\c2v\scene_checkpoints\primary\S1A_IW_GRDH_1SDV_20220420T172339_20220420T172404_042860_051DB3_9253_COG.csv.gz,True,,2022,2022-04-20,ascending,88,sentinel-1a,0,True,0,True,0,0,0,0,0,0,0,0,0,0,0,0
S1A_IW_GRDH_1SDV_20220502T172340_20220502T172405_043035_052376_238C_COG,outputs\diagnostics\design_c\c2v\scene_checkpoints\primary\S1A_IW_GRDH_1SDV_20220502T172340_20220502T172405_043035_052376_238C_COG.csv.gz,True,,2022,2022-05-02,ascending,88,sentinel-1a,0,True,0,True,0,0,0,0,0,0,0,0,0,0,0,0
S1A_IW_GRDH_1SDV_20220514T172341_20220514T172406_043210_05291B_DAF9_COG,outputs\diagnostics\design_c\c2v\scene_checkpoints\primary\S1A_IW_GRDH_1SDV_20220514T172341_20220514T172406_043210_05291B_DAF9_COG.csv.gz,True,,2022,2022-05-14,ascending,88,sentinel-1a,0,True,0,True,0,0,0,0,0,0,0,0,0,0,0,0
S1A_IW_GRDH_1SDV_20220526T172341_20220526T172406_043385_052E4C_274D_COG,outputs\diagnostics\design_c\c2v\scene_checkpoints\primary\S1A_IW_GRDH_1SDV_20220526T172341_20220526T172406_043385_052E4C_274D_COG.csv.gz,True,,2022,2022-05-26,ascending,88,sentinel-1a,0,True,0,True,0,0,0,0,0,0,0,0,0,0,0,0
S1A_IW_GRDH_1SDV_20220607T172343_20220607T172408_043560_05337D_6C1B_COG,outputs\diagnostics\design_c\c2v\scene_checkpoints\primary\S1A_IW_GRDH_1SDV_20220607T172343_20220607T172408_043560_05337D_6C1B_COG.csv.gz,True,,2022,2022-06-07,ascending,88,sentinel-1a,0,True,0,True,0,0,0,0,0,0,0,0,0,0,0,0
S1A_IW_GRDH_1SDV_20220619T172343_20220619T172408_043735_0538B0_3D34_COG,outputs\diagnostics\design_c\c2v\scene_checkpoints\primary\S1A_IW_GRDH_1SDV_20220619T172343_20220619T172408_043735_0538B0_3D34_COG.csv.gz,True,,2022,2022-06-19,ascending,88,sentinel-1a,0,True,0,True,0,0,0,0,0,0,0,0,0,0,0,0
S1A_IW_GRDH_1SDV_20220701T172344_20220701T172409_043910_053DEB_E94B_COG,outputs\diagnostics\design_c\c2v\scene_checkpoints\primary\S1A_IW_GRDH_1SDV_20220701T172344_20220701T172409_043910_053DEB_E94B_COG.csv.gz,True,,2022,2022-07-01,ascending,88,sentinel-1a,0,True,0,True,0,0,0,0,0,0,0,0,0,0,0,0
S1A_IW_GRDH_1SDV_20220713T172344_20220713T172409_044085_054323_6B70_COG,outputs\diagnostics\design_c\c2v\scene_checkpoints\primary\S1A_IW_GRDH_1SDV_20220713T172344_20220713T172409_044085_054323_6B70_COG.csv.gz,True,,2022,2022-07-13,ascending,88,sentinel-1a,0,True,0,True,0,0,0,0,0,0,0,0,0,0,0,0
S1A_IW_GRDH_1SDV_20220725T172345_20220725T172410_044260_054858_FE92_COG,outputs\diagnostics\design_c\c2v\scene_checkpoints\primary\S1A_IW_GRDH_1SDV_20220725T172345_20220725T172410_044260_054858_FE92_COG.csv.gz,True,,2022,2022-07-25,ascending,88,sentinel-1a,0,True,0,True,0,0,0,0,0,0,0,0,0,0,0,0
S1A_IW_GRDH_1SDV_20220806T172346_20220806T172411_044435_054D76_7B18_COG,outputs\diagnostics\design_c\c2v\scene_checkpoints\primary\S1A_IW_GRDH_1SDV_20220806T172346_20220806T172411_044435_054D76_7B18_COG.csv.gz,True,,2022,2022-08-06,ascending,88,sentinel-1a,0,True,0,True,0,0,0,0,0,0,0,0,0,0,0,0
S1A_IW_GRDH_1SDV_20220818T172347_20220818T172412_044610_05532E_ACFE_COG,outputs\diagnostics\design_c\c2v\scene_checkpoints\primary\S1A_IW_GRDH_1SDV_20220818T172347_20220818T172412_044610_05532E_ACFE_COG.csv.gz,True,,2022,2022-08-18,ascending,88,sentinel-1a,0,True,0,True,0,0,0,0,0,0,0,0,0,0,0,0
S1A_IW_GRDH_1SDV_20220830T172347_20220830T172412_044785_05591F_CE51_COG,outputs\diagnostics\design_c\c2v\scene_checkpoints\primary\S1A_IW_GRDH_1SDV_20220830T172347_20220830T172412_044785_05591F_CE51_COG.csv.gz,True,,2022,2022-08-30,ascending,88,sentinel-1a,0,True,0,True,0,0,0,0,0,0,0,0,0,0,0,0
S1A_IW_GRDH_1SDV_20220911T172348_20220911T172413_044960_055EF9_9549_COG,outputs\diagnostics\design_c\c2v\scene_checkpoints\primary\S1A_IW_GRDH_1SDV_20220911T172348_20220911T172413_044960_055EF9_9549_COG.csv.gz,True,,2022,2022-09-11,ascending,88,sentinel-1a,0,True,0,True,0,0,0,0,0,0,0,0,0,0,0,0
S1A_IW_GRDH_1SDV_20220923T172347_20220923T172412_045135_0564DD_794A_COG,outputs\diagnostics\design_c\c2v\scene_checkpoints\primary\S1A_IW_GRDH_1SDV_20220923T172347_20220923T172412_045135_0564DD_794A_COG.csv.gz,True,,2022,2022-09-23,ascending,88,sentinel-1a,0,True,0,True,0,0,0,0,0,0,0,0,0,0,0,0
S1A_IW_GRDH_1SDV_20230403T172344_20230403T172409_047935_05C2B3_25D4_COG,outputs\diagnostics\design_c\c2v\scene_checkpoints\primary\S1A_IW_GRDH_1SDV_20230403T172344_20230403T172409_047935_05C2B3_25D4_COG.csv.gz,True,,2023,2023-04-03,ascending,88,sentinel-1a,0,True,0,True,0,0,0,0,0,0,0,0,0,0,0,0
S1A_IW_GRDH_1SDV_20230415T172345_20230415T172410_048110_05C89F_0785_COG,outputs\diagnostics\design_c\c2v\scene_checkpoints\primary\S1A_IW_GRDH_1SDV_20230415T172345_20230415T172410_048110_05C89F_0785_COG.csv.gz,True,,2023,2023-04-15,ascending,88,sentinel-1a,0,True,0,True,0,0,0,0,0,0,0,0,0,0,0,0
S1A_IW_GRDH_1SDV_20230427T172345_20230427T172410_048285_05CE7B_F558_COG,outputs\diagnostics\design_c\c2v\scene_checkpoints\primary\S1A_IW_GRDH_1SDV_20230427T172345_20230427T172410_048285_05CE7B_F558_COG.csv.gz,True,,2023,2023-04-27,ascending,88,sentinel-1a,0,True,0,True,0,0,0,0,0,0,0,0,0,0,0,0
S1A_IW_GRDH_1SDV_20230509T172346_20230509T172411_048460_05D44B_D4EF_COG,outputs\diagnostics\design_c\c2v\scene_checkpoints\primary\S1A_IW_GRDH_1SDV_20230509T172346_20230509T172411_048460_05D44B_D4EF_COG.csv.gz,True,,2023,2023-05-09,ascending,88,sentinel-1a,0,True,0,True,0,0,0,0,0,0,0,0,0,0,0,0
S1A_IW_GRDH_1SDV_20230521T172347_20230521T172412_048635_05D979_B67A_COG,outputs\diagnostics\design_c\c2v\scene_checkpoints\primary\S1A_IW_GRDH_1SDV_20230521T172347_20230521T172412_048635_05D979_B67A_COG.csv.gz,True,,2023,2023-05-21,ascending,88,sentinel-1a,0,True,0,True,0,0,0,0,0,0,0,0,0,0,0,0
S1A_IW_GRDH_1SDV_20230602T172347_20230602T172412_048810_05DEAA_7BCD_COG,outputs\diagnostics\design_c\c2v\scene_checkpoints\primary\S1A_IW_GRDH_1SDV_20230602T172347_20230602T172412_048810_05DEAA_7BCD_COG.csv.gz,True,,2023,2023-06-02,ascending,88,sentinel-1a,0,True,0,True,0,0,0,0,0,0,0,0,0,0,0,0
S1A_IW_GRDH_1SDV_20230614T172348_20230614T172413_048985_05E406_C03E_COG,outputs\diagnostics\design_c\c2v\scene_checkpoints\primary\S1A_IW_GRDH_1SDV_20230614T172348_20230614T172413_048985_05E406_C03E_COG.csv.gz,True,,2023,2023-06-14,ascending,88,sentinel-1a,0,True,0,True,0,0,0,0,0,0,0,0,0,0,0,0
S1A_IW_GRDH_1SDV_20230626T172348_20230626T172413_049160_05E954_5ABC_COG,outputs\diagnostics\design_c\c2v\scene_checkpoints\primary\S1A_IW_GRDH_1SDV_20230626T172348_20230626T172413_049160_05E954_5ABC_COG.csv.gz,True,,2023,2023-06-26,ascending,88,sentinel-1a,0,True,0,True,0,0,0,0,0,0,0,0,0,0,0,0
S1A_IW_GRDH_1SDV_20230708T172349_20230708T172414_049335_05EEBC_0023_COG,outputs\diagnostics\design_c\c2v\scene_checkpoints\primary\S1A_IW_GRDH_1SDV_20230708T172349_20230708T172414_049335_05EEBC_0023_COG.csv.gz,True,,2023,2023-07-08,ascending,88,sentinel-1a,0,True,0,True,0,0,0,0,0,0,0,0,0,0,0,0
S1A_IW_GRDH_1SDV_20230720T172350_20230720T172415_049510_05F40F_3B3B_COG,outputs\diagnostics\design_c\c2v\scene_checkpoints\primary\S1A_IW_GRDH_1SDV_20230720T172350_20230720T172415_049510_05F40F_3B3B_COG.csv.gz,True,,2023,2023-07-20,ascending,88,sentinel-1a,0,True,0,True,0,0,0,0,0,0,0,0,0,0,0,0
S1A_IW_GRDH_1SDV_20230801T172350_20230801T172415_049685_05F97B_22DC_COG,outputs\diagnostics\design_c\c2v\scene_checkpoints\primary\S1A_IW_GRDH_1SDV_20230801T172350_20230801T172415_049685_05F97B_22DC_COG.csv.gz,True,,2023,2023-08-01,ascending,88,sentinel-1a,0,True,0,True,0,0,0,0,0,0,0,0,0,0,0,0
S1A_IW_GRDH_1SDV_20230813T172351_20230813T172416_049860_05FF2F_B7B5_COG,outputs\diagnostics\design_c\c2v\scene_checkpoints\primary\S1A_IW_GRDH_1SDV_20230813T172351_20230813T172416_049860_05FF2F_B7B5_COG.csv.gz,True,,2023,2023-08-13,ascending,88,sentinel-1a,0,True,0,True,0,0,0,0,0,0,0,0,0,0,0,0
S1A_IW_GRDH_1SDV_20230825T172352_20230825T172417_050035_060521_48BF_COG,outputs\diagnostics\design_c\c2v\scene_checkpoints\primary\S1A_IW_GRDH_1SDV_20230825T172352_20230825T172417_050035_060521_48BF_COG.csv.gz,True,,2023,2023-08-25,ascending,88,sentinel-1a,0,True,0,True,0,0,0,0,0,0,0,0,0,0,0,0
S1A_IW_GRDH_1SDV_20230906T172353_20230906T172418_050210_060B1F_5193_COG,outputs\diagnostics\design_c\c2v\scene_checkpoints\primary\S1A_IW_GRDH_1SDV_20230906T172353_20230906T172418_050210_060B1F_5193_COG.csv.gz,True,,2023,2023-09-06,ascending,88,sentinel-1a,0,True,0,True,0,0,0,0,0,0,0,0,0,0,0,0
S1A_IW_GRDH_1SDV_20230918T172353_20230918T172418_050385_061114_1937_COG,outputs\diagnostics\design_c\c2v\scene_checkpoints\primary\S1A_IW_GRDH_1SDV_20230918T172353_20230918T172418_050385_061114_1937_COG.csv.gz,True,,2023,2023-09-18,ascending,88,sentinel-1a,0,True,0,True,0,0,0,0,0,0,0,0,0,0,0,0
S1A_IW_GRDH_1SDV_20230930T172353_20230930T172418_050560_06170F_0E57_COG,outputs\diagnostics\design_c\c2v\scene_checkpoints\primary\S1A_IW_GRDH_1SDV_20230930T172353_20230930T172418_050560_06170F_0E57_COG.csv.gz,True,,2023,2023-09-30,ascending,88,sentinel-1a,0,True,0,True,0,0,0,0,0,0,0,0,0,0,0,0
S1A_IW_GRDH_1SDV_20240409T172349_20240409T172414_053360_067883_2F8C_COG,outputs\diagnostics\design_c\c2v\scene_checkpoints\primary\S1A_IW_GRDH_1SDV_20240409T172349_20240409T172414_053360_067883_2F8C_COG.csv.gz,True,,2024,2024-04-09,ascending,88,sentinel-1a,0,True,0,True,0,0,0,0,0,0,0,0,0,0,0,0
S1A_IW_GRDH_1SDV_20240421T172350_20240421T172415_053535_067F68_87FE_COG,outputs\diagnostics\design_c\c2v\scene_checkpoints\primary\S1A_IW_GRDH_1SDV_20240421T172350_20240421T172415_053535_067F68_87FE_COG.csv.gz,True,,2024,2024-04-21,ascending,88,sentinel-1a,0,True,0,True,0,0,0,0,0,0,0,0,0,0,0,0
S1A_IW_GRDH_1SDV_20240503T172351_20240503T172416_053710_06864B_8C1A_COG,outputs\diagnostics\design_c\c2v\scene_checkpoints\primary\S1A_IW_GRDH_1SDV_20240503T172351_20240503T172416_053710_06864B_8C1A_COG.csv.gz,True,,2024,2024-05-03,ascending,88,sentinel-1a,0,True,0,True,0,0,0,0,0,0,0,0,0,0,0,0
S1A_IW_GRDH_1SDV_20240515T172350_20240515T172415_053885_068C95_C20D_COG,outputs\diagnostics\design_c\c2v\scene_checkpoints\primary\S1A_IW_GRDH_1SDV_20240515T172350_20240515T172415_053885_068C95_C20D_COG.csv.gz,True,,2024,2024-05-15,ascending,88,sentinel-1a,0,True,0,True,0,0,0,0,0,0,0,0,0,0,0,0
S1A_IW_GRDH_1SDV_20240527T172350_20240527T172415_054060_0692AB_B945_COG,outputs\diagnostics\design_c\c2v\scene_checkpoints\primary\S1A_IW_GRDH_1SDV_20240527T172350_20240527T172415_054060_0692AB_B945_COG.csv.gz,True,,2024,2024-05-27,ascending,88,sentinel-1a,0,True,0,True,0,0,0,0,0,0,0,0,0,0,0,0
S1A_IW_GRDH_1SDV_20240608T172350_20240608T172415_054235_0698B9_3C63_COG,outputs\diagnostics\design_c\c2v\scene_checkpoints\primary\S1A_IW_GRDH_1SDV_20240608T172350_20240608T172415_054235_0698B9_3C63_COG.csv.gz,True,,2024,2024-06-08,ascending,88,sentinel-1a,0,True,0,True,0,0,0,0,0,0,0,0,0,0,0,0
S1A_IW_GRDH_1SDV_20240620T172349_20240620T172414_054410_069EC7_98F1_COG,outputs\diagnostics\design_c\c2v\scene_checkpoints\primary\S1A_IW_GRDH_1SDV_20240620T172349_20240620T172414_054410_069EC7_98F1_COG.csv.gz,True,,2024,2024-06-20,ascending,88,sentinel-1a,0,True,0,True,0,0,0,0,0,0,0,0,0,0,0,0
S1A_IW_GRDH_1SDV_20240702T172348_20240702T172413_054585_06A4DE_08C8_COG,outputs\diagnostics\design_c\c2v\scene_checkpoints\primary\S1A_IW_GRDH_1SDV_20240702T172348_20240702T172413_054585_06A4DE_08C8_COG.csv.gz,True,,2024,2024-07-02,ascending,88,sentinel-1a,0,True,0,True,0,0,0,0,0,0,0,0,0,0,0,0
S1A_IW_GRDH_1SDV_20240714T172348_20240714T172413_054760_06AAEB_4FFD_COG,outputs\diagnostics\design_c\c2v\scene_checkpoints\primary\S1A_IW_GRDH_1SDV_20240714T172348_20240714T172413_054760_06AAEB_4FFD_COG.csv.gz,True,,2024,2024-07-14,ascending,88,sentinel-1a,0,True,0,True,0,0,0,0,0,0,0,0,0,0,0,0
S1A_IW_GRDH_1SDV_20240726T172348_20240726T172413_054935_06B102_0FFA_COG,outputs\diagnostics\design_c\c2v\scene_checkpoints\primary\S1A_IW_GRDH_1SDV_20240726T172348_20240726T172413_054935_06B102_0FFA_COG.csv.gz,True,,2024,2024-07-26,ascending,88,sentinel-1a,0,True,0,True,0,0,0,0,0,0,0,0,0,0,0,0
S1A_IW_GRDH_1SDV_20240807T172348_20240807T172413_055110_06B719_64DB_COG,outputs\diagnostics\design_c\c2v\scene_checkpoints\primary\S1A_IW_GRDH_1SDV_20240807T172348_20240807T172413_055110_06B719_64DB_COG.csv.gz,True,,2024,2024-08-07,ascending,88,sentinel-1a,0,True,0,True,0,0,0,0,0,0,0,0,0,0,0,0
S1A_IW_GRDH_1SDV_20240819T172348_20240819T172413_055285_06BD78_BDD3_COG,outputs\diagnostics\design_c\c2v\scene_checkpoints\primary\S1A_IW_GRDH_1SDV_20240819T172348_20240819T172413_055285_06BD78_BDD3_COG.csv.gz,True,,2024,2024-08-19,ascending,88,sentinel-1a,0,True,0,True,0,0,0,0,0,0,0,0,0,0,0,0
S1A_IW_GRDH_1SDV_20240831T172348_20240831T172413_055460_06C3E8_24D6_COG,outputs\diagnostics\design_c\c2v\scene_checkpoints\primary\S1A_IW_GRDH_1SDV_20240831T172348_20240831T172413_055460_06C3E8_24D6_COG.csv.gz,True,,2024,2024-08-31,ascending,88,sentinel-1a,0,True,0,True,0,0,0,0,0,0,0,0,0,0,0,0
S1A_IW_GRDH_1SDV_20240912T172349_20240912T172414_055635_06CAD5_7E54_COG,outputs\diagnostics\design_c\c2v\scene_checkpoints\primary\S1A_IW_GRDH_1SDV_20240912T172349_20240912T172414_055635_06CAD5_7E54_COG.csv.gz,True,,2024,2024-09-12,ascending,88,sentinel-1a,0,True,0,True,0,0,0,0,0,0,0,0,0,0,0,0
S1A_IW_GRDH_1SDV_20240924T172349_20240924T172414_055810_06D1C0_33A5_COG,outputs\diagnostics\design_c\c2v\scene_checkpoints\primary\S1A_IW_GRDH_1SDV_20240924T172349_20240924T172414_055810_06D1C0_33A5_COG.csv.gz,True,,2024,2024-09-24,ascending,88,sentinel-1a,0,True,0,True,0,0,0,0,0,0,0,0,0,0,0,0
S1A_IW_GRDH_1SDV_20250404T172343_20250404T172408_058610_07414D_7367_COG,outputs\diagnostics\design_c\c2v\scene_checkpoints\primary\S1A_IW_GRDH_1SDV_20250404T172343_20250404T172408_058610_07414D_7367_COG.csv.gz,True,,2025,2025-04-04,ascending,88,sentinel-1a,0,True,0,True,0,0,0,0,0,0,0,0,0,0,0,0
S1A_IW_GRDH_1SDV_20250416T172343_20250416T172408_058785_074873_465C_COG,outputs\diagnostics\design_c\c2v\scene_checkpoints\primary\S1A_IW_GRDH_1SDV_20250416T172343_20250416T172408_058785_074873_465C_COG.csv.gz,True,,2025,2025-04-16,ascending,88,sentinel-1a,0,True,0,True,0,0,0,0,0,0,0,0,0,0,0,0
S1C_IW_GRDH_1SDV_20250422T172143_20250422T172213_002009_00413B_1C86_COG,outputs\diagnostics\design_c\c2v\scene_checkpoints\primary\S1C_IW_GRDH_1SDV_20250422T172143_20250422T172213_002009_00413B_1C86_COG.csv.gz,True,,2025,2025-04-22,ascending,88,sentinel-1c,0,True,0,True,0,0,0,0,0,0,0,0,0,0,0,0
S1A_IW_GRDH_1SDV_20250428T172343_20250428T172408_058960_074FA0_DE79_COG,outputs\diagnostics\design_c\c2v\scene_checkpoints\primary\S1A_IW_GRDH_1SDV_20250428T172343_20250428T172408_058960_074FA0_DE79_COG.csv.gz,True,,2025,2025-04-28,ascending,88,sentinel-1a,0,True,0,True,0,0,0,0,0,0,0,0,0,0,0,0
S1A_IW_GRDH_1SDV_20250510T172343_20250510T172408_059135_07564A_B200_COG,outputs\diagnostics\design_c\c2v\scene_checkpoints\primary\S1A_IW_GRDH_1SDV_20250510T172343_20250510T172408_059135_07564A_B200_COG.csv.gz,True,,2025,2025-05-10,ascending,88,sentinel-1a,0,True,0,True,0,0,0,0,0,0,0,0,0,0,0,0
S1A_IW_GRDH_1SDV_20250522T172342_20250522T172407_059310_075C59_DA94_COG,outputs\diagnostics\design_c\c2v\scene_checkpoints\primary\S1A_IW_GRDH_1SDV_20250522T172342_20250522T172407_059310_075C59_DA94_COG.csv.gz,True,,2025,2025-05-22,ascending,88,sentinel-1a,0,True,0,True,0,0,0,0,0,0,0,0,0,0,0,0
S1A_IW_GRDH_1SDV_20250603T172342_20250603T172407_059485_07626B_4991_COG,outputs\diagnostics\design_c\c2v\scene_checkpoints\primary\S1A_IW_GRDH_1SDV_20250603T172342_20250603T172407_059485_07626B_4991_COG.csv.gz,True,,2025,2025-06-03,ascending,88,sentinel-1a,0,True,0,True,0,0,0,0,0,0,0,0,0,0,0,0
S1A_IW_GRDH_1SDV_20250615T172341_20250615T172406_059660_07685E_3E21_COG,outputs\diagnostics\design_c\c2v\scene_checkpoints\primary\S1A_IW_GRDH_1SDV_20250615T172341_20250615T172406_059660_07685E_3E21_COG.csv.gz,True,,2025,2025-06-15,ascending,88,sentinel-1a,0,True,0,True,0,0,0,0,0,0,0,0,0,0,0,0
S1A_IW_GRDH_1SDV_20250627T172341_20250627T172406_059835_076E75_B3C1_COG,outputs\diagnostics\design_c\c2v\scene_checkpoints\primary\S1A_IW_GRDH_1SDV_20250627T172341_20250627T172406_059835_076E75_B3C1_COG.csv.gz,True,,2025,2025-06-27,ascending,88,sentinel-1a,0,True,0,True,0,0,0,0,0,0,0,0,0,0,0,0
S1A_IW_GRDH_1SDV_20250709T172340_20250709T172405_060010_077485_370F_COG,outputs\diagnostics\design_c\c2v\scene_checkpoints\primary\S1A_IW_GRDH_1SDV_20250709T172340_20250709T172405_060010_077485_370F_COG.csv.gz,True,,2025,2025-07-09,ascending,88,sentinel-1a,0,True,0,True,0,0,0,0,0,0,0,0,0,0,0,0
S1A_IW_GRDH_1SDV_20250721T172339_20250721T172404_060185_077A86_C761_COG,outputs\diagnostics\design_c\c2v\scene_checkpoints\primary\S1A_IW_GRDH_1SDV_20250721T172339_20250721T172404_060185_077A86_C761_COG.csv.gz,True,,2025,2025-07-21,ascending,88,sentinel-1a,0,True,0,True,0,0,0,0,0,0,0,0,0,0,0,0
S1A_IW_GRDH_1SDV_20250802T172339_20250802T172404_060360_07808C_9BD3_COG,outputs\diagnostics\design_c\c2v\scene_checkpoints\primary\S1A_IW_GRDH_1SDV_20250802T172339_20250802T172404_060360_07808C_9BD3_COG.csv.gz,True,,2025,2025-08-02,ascending,88,sentinel-1a,0,True,0,True,0,0,0,0,0,0,0,0,0,0,0,0
S1A_IW_GRDH_1SDV_20250814T172339_20250814T172404_060535_07872E_7090_COG,outputs\diagnostics\design_c\c2v\scene_checkpoints\primary\S1A_IW_GRDH_1SDV_20250814T172339_20250814T172404_060535_07872E_7090_COG.csv.gz,True,,2025,2025-08-14,ascending,88,sentinel-1a,0,True,0,True,0,0,0,0,0,0,0,0,0,0,0,0
S1A_IW_GRDH_1SDV_20250826T172339_20250826T172404_060710_078E13_B308_COG,outputs\diagnostics\design_c\c2v\scene_checkpoints\primary\S1A_IW_GRDH_1SDV_20250826T172339_20250826T172404_060710_078E13_B308_COG.csv.gz,True,,2025,2025-08-26,ascending,88,sentinel-1a,0,True,0,True,0,0,0,0,0,0,0,0,0,0,0,0
S1A_IW_GRDH_1SDV_20250907T172340_20250907T172405_060885_079505_EAC6_COG,outputs\diagnostics\design_c\c2v\scene_checkpoints\primary\S1A_IW_GRDH_1SDV_20250907T172340_20250907T172405_060885_079505_EAC6_COG.csv.gz,True,,2025,2025-09-07,ascending,88,sentinel-1a,0,True,0,True,0,0,0,0,0,0,0,0,0,0,0,0
S1A_IW_GRDH_1SDV_20250919T172340_20250919T172405_061060_079C09_4DCF_COG,outputs\diagnostics\design_c\c2v\scene_checkpoints\primary\S1A_IW_GRDH_1SDV_20250919T172340_20250919T172405_061060_079C09_4DCF_COG.csv.gz,True,,2025,2025-09-19,ascending,88,sentinel-1a,0,True,0,True,0,0,0,0,0,0,0,0,0,0,0,0
S1A_IW_GRDH_1SDV_20250926T171529_20250926T171601_061162_07A027_EFED_COG,outputs\diagnostics\design_c\c2v\scene_checkpoints\primary\S1A_IW_GRDH_1SDV_20250926T171529_20250926T171601_061162_07A027_EFED_COG.csv.gz,True,,2025,2025-09-26,ascending,15,sentinel-1a,0,True,0,True,0,0,0,0,0,0,0,0,0,0,0,0
